FileName;Script_Type_1;Script_type_2
IRHT_P_000004.tif;Cursiva;
IRHT_P_000007.tif;Uncial;Half_uncial
IRHT_P_000014.tif;Caroline;
IRHT_P_000022.tif;Semitextualis;Hybrida
IRHT_P_000023.tif;Semitextualis;Hybrida
IRHT_P_000028.tif;Cursiva;Textualis
IRHT_P_000030.tif;Textualis;
IRHT_P_000031.tif;Hybrida;Semihybrida
IRHT_P_000032.tif;Hybrida;Textualis
IRHT_P_000041.tif;Textualis;
IRHT_P_000043.tif;Textualis;
IRHT_P_000044.tif;Textualis;
IRHT_P_000045.tif;Textualis;
IRHT_P_000047.tif;Textualis;
IRHT_P_000049.tif;Praegothica;
IRHT_P_000051.tif;Praegothica;
IRHT_P_000055.tif;Textualis;
IRHT_P_000056.tif;Praegothica;
IRHT_P_000057.tif;Praegothica;Textualis
IRHT_P_000058.tif;Semitextualis;Textualis
IRHT_P_000059.tif;Textualis;
IRHT_P_000060.tif;Textualis;
IRHT_P_000062.tif;Hybrida;Textualis
IRHT_P_000063.tif;Textualis;
IRHT_P_000064.tif;Textualis;
IRHT_P_000065.tif;Textualis;Cursiva
IRHT_P_000068.tif;Praegothica;
IRHT_P_000073.tif;Praegothica;
IRHT_P_000075.tif;Semihybrida;Textualis
IRHT_P_000090.tif;Caroline;Uncial
IRHT_P_000091.tif;Caroline;
IRHT_P_000093.tif;Southern_Textualis;Textualis
IRHT_P_000094.tif;Semitextualis;Textualis
IRHT_P_000102.tif;Southern_Textualis;Textualis
IRHT_P_000108.tif;Cursiva;Textualis
IRHT_P_000109.tif;Textualis;Semitextualis
IRHT_P_000110.tif;Southern_Textualis;Textualis
IRHT_P_000111.tif;Semitextualis;Textualis
IRHT_P_000113.tif;Semitextualis;Textualis
IRHT_P_000114.tif;Semitextualis;
IRHT_P_000116.tif;Hybrida;Cursiva
IRHT_P_000118.tif;Cursiva;Textualis
IRHT_P_000131.tif;Cursiva;Textualis
IRHT_P_000132.tif;Semihybrida;Textualis
IRHT_P_000135.tif;Semitextualis;Textualis
IRHT_P_000138.tif;Semitextualis;Humanistic
IRHT_P_000139.tif;Cursiva;
IRHT_P_000144.tif;Cursiva;Textualis
IRHT_P_000148.tif;Textualis;
IRHT_P_000149.tif;Textualis;
IRHT_P_000152.tif;Textualis;Praegothica
IRHT_P_000154.tif;Hybrida;Textualis
IRHT_P_000155.tif;Hybrida;Textualis
IRHT_P_000156.tif;Hybrida;Textualis
IRHT_P_000157.tif;Textualis;
IRHT_P_000159.tif;Textualis;
IRHT_P_000170.tif;Textualis;
IRHT_P_000171.tif;Textualis;Semitextualis
IRHT_P_000172.tif;Textualis;
IRHT_P_000173.tif;Textualis;
IRHT_P_000175.tif;Semihybrida;Textualis
IRHT_P_000176.tif;Praegothica;
IRHT_P_000177.tif;Praegothica;
IRHT_P_000178.tif;Praegothica;
IRHT_P_000180.tif;Hybrida;
IRHT_P_000191.tif;Textualis;
IRHT_P_000195.tif;Cursiva;Textualis
IRHT_P_000196.tif;Cursiva;Textualis
IRHT_P_000199.tif;Semihybrida;Cursiva
IRHT_P_000200.tif;Humanistic_cursive;
IRHT_P_000201.tif;Cursiva;Textualis
IRHT_P_000203.tif;Humanistic;Textualis
IRHT_P_000204.tif;Cursiva;
IRHT_P_000212.tif;Textualis;
IRHT_P_000213.tif;Semihybrida;
IRHT_P_000227.tif;Caroline;
IRHT_P_000228.tif;Caroline;
IRHT_P_000229.tif;Praegothica;Uncial
IRHT_P_000234.tif;Hybrida;
IRHT_P_000235.tif;Praegothica;Textualis
IRHT_P_000236.tif;Cursiva;Textualis
IRHT_P_000237.tif;Cursiva;Textualis
IRHT_P_000238.tif;Textualis;
IRHT_P_000239.tif;Caroline;Uncial
IRHT_P_000246.tif;Semihybrida;Textualis
IRHT_P_000247.tif;Semihybrida;Textualis
IRHT_P_000250.tif;Cursiva;Textualis
IRHT_P_000260.tif;Cursiva;Textualis
IRHT_P_000265.tif;Semitextualis;Textualis
IRHT_P_000266.tif;Semitextualis;Cursiva
IRHT_P_000268.tif;Semitextualis;Humanistic_cursive
IRHT_P_000269.tif;Humanistic_cursive;Humanistic
IRHT_P_000270.tif;Semitextualis;Cursiva
IRHT_P_000272.tif;Semitextualis;Humanistic_cursive
IRHT_P_000273.tif;Textualis;
IRHT_P_000274.tif;Textualis;
IRHT_P_000275.tif;Cursiva;Semitextualis
IRHT_P_000276.tif;Praegothica;
IRHT_P_000280.tif;Textualis;
IRHT_P_000281.tif;Textualis;Cursiva
IRHT_P_000284.tif;Textualis;
IRHT_P_000286.tif;Praegothica;
IRHT_P_000288.tif;Textualis;
IRHT_P_000289.tif;Caroline;
IRHT_P_000290.tif;Caroline;
IRHT_P_000291.tif;Caroline;Praegothica
IRHT_P_000293.tif;Caroline;
IRHT_P_000294.tif;Caroline;Uncial
IRHT_P_000295.tif;Caroline;
IRHT_P_000296.tif;Praegothica;Textualis
IRHT_P_000298.tif;Textualis;
IRHT_P_000299.tif;Textualis;
IRHT_P_000300.tif;Textualis;
IRHT_P_000303.tif;Textualis;Cursiva
IRHT_P_000304.tif;Praegothica;
IRHT_P_000306.tif;Textualis;
IRHT_P_000307.tif;Textualis;
IRHT_P_000310.tif;Semitextualis;
IRHT_P_000313.tif;Textualis;
IRHT_P_000314.tif;Textualis;
IRHT_P_000318.tif;Textualis;
IRHT_P_000322.tif;Textualis;
IRHT_P_000324.tif;Textualis;Semitextualis
IRHT_P_000328.tif;Uncial;Caroline
IRHT_P_000335.tif;Textualis;
IRHT_P_000336.tif;Textualis;
IRHT_P_000338.tif;Praegothica;
IRHT_P_000340.tif;Textualis;
IRHT_P_000342.tif;Textualis;
IRHT_P_000343.tif;Praegothica;
IRHT_P_000344.tif;Textualis;
IRHT_P_000345.tif;Textualis;
IRHT_P_000347.tif;Hybrida;Textualis
IRHT_P_000350.tif;Caroline;
IRHT_P_000351.tif;Praegothica;
IRHT_P_000352.tif;Textualis;
IRHT_P_000353.tif;Textualis;
IRHT_P_000354.tif;Praegothica;Caroline
IRHT_P_000355.tif;Praegothica;Caroline
IRHT_P_000356.tif;Textualis;Hybrida
IRHT_P_000358.tif;Caroline;Praegothica
IRHT_P_000359.tif;Caroline;Praegothica
IRHT_P_000366.tif;Half_uncial;Uncial
IRHT_P_000370.tif;Praegothica;
IRHT_P_000372.tif;Praegothica;Textualis
IRHT_P_000373.tif;Praegothica;
IRHT_P_000374.tif;Praegothica;Textualis
IRHT_P_000375.tif;Praegothica;Textualis
IRHT_P_000377.tif;Praegothica;
IRHT_P_000383.tif;Praegothica;Uncial
IRHT_P_000387.tif;Praegothica;Textualis
IRHT_P_000390.tif;Semihybrida;Textualis
IRHT_P_000391.tif;Cursiva;
IRHT_P_000392.tif;Semihybrida;Hybrida
IRHT_P_000395.tif;Praegothica;
IRHT_P_000397.tif;Caroline;Praegothica
IRHT_P_000401.tif;Textualis;
IRHT_P_000402.tif;Textualis;
IRHT_P_000403.tif;Caroline;
IRHT_P_000406.tif;Textualis;
IRHT_P_000408.tif;Praegothica;Textualis
IRHT_P_000409.tif;Praegothica;Textualis
IRHT_P_000413.tif;Caroline;Uncial
IRHT_P_000414.tif;Caroline;Uncial
IRHT_P_000415.tif;Caroline;Uncial
IRHT_P_000416.tif;Cursiva;
IRHT_P_000421.tif;Semitextualis;Textualis
IRHT_P_000422.tif;Semitextualis;Textualis
IRHT_P_000423.tif;Hybrida;Textualis
IRHT_P_000425.tif;Semitextualis;Textualis
IRHT_P_000426.tif;Southern_Textualis;Semitextualis
IRHT_P_000437.tif;Caroline;Praegothica
IRHT_P_000441.tif;Cursiva;Textualis
IRHT_P_000442.tif;Praegothica;Caroline
IRHT_P_000444.tif;Praegothica;
IRHT_P_000445.tif;Praegothica;
IRHT_P_000446.tif;Praegothica;
IRHT_P_000459.tif;Textualis;
IRHT_P_000460.tif;Semitextualis;Textualis
IRHT_P_000462.tif;Semihybrida;Hybrida
IRHT_P_000465.tif;Cursiva;Hybrida
IRHT_P_000468.tif;Cursiva;
IRHT_P_000469.tif;Cursiva;Hybrida
IRHT_P_000472.tif;Cursiva;Hybrida
IRHT_P_000473.tif;Cursiva;Textualis
IRHT_P_000474.tif;Cursiva;Textualis
IRHT_P_000476.tif;Praegothica;Uncial
IRHT_P_000477.tif;Praegothica;
IRHT_P_000480.tif;Textualis;Cursiva
IRHT_P_000483.tif;Textualis;
IRHT_P_000493.tif;Textualis;
IRHT_P_000494.tif;Textualis;
IRHT_P_000497.tif;Textualis;Cursiva
IRHT_P_000500.tif;Textualis;
IRHT_P_000501.tif;Semihybrida;Textualis
IRHT_P_000506.tif;Cursiva;Hybrida
IRHT_P_000507.tif;Semihybrida;Textualis
IRHT_P_000521.tif;Hybrida;Textualis
IRHT_P_000531.tif;Textualis;
IRHT_P_000532.tif;Textualis;
IRHT_P_000537.tif;Semitextualis;Textualis
IRHT_P_000539.tif;Praegothica;Textualis
IRHT_P_000540.tif;Praegothica;Textualis
IRHT_P_000541.tif;Praegothica;Textualis
IRHT_P_000543.tif;Caroline;Uncial
IRHT_P_000548.tif;Textualis;
IRHT_P_000551.tif;Praegothica;Textualis
IRHT_P_000552.tif;Caroline;Uncial
IRHT_P_000553.tif;Caroline;Uncial
IRHT_P_000556.tif;Praegothica;
IRHT_P_000557.tif;Caroline;Uncial
IRHT_P_000558.tif;Caroline;
IRHT_P_000559.tif;Caroline;
IRHT_P_000562.tif;Caroline;Praegothica
IRHT_P_000563.tif;Semitextualis;Humanistic
IRHT_P_000573.tif;Textualis;Southern_Textualis
IRHT_P_000579.tif;Semitextualis;Humanistic
IRHT_P_000581.tif;Textualis;
IRHT_P_000582.tif;Caroline;
IRHT_P_000586.tif;Humanistic;
IRHT_P_000588.tif;Textualis;
IRHT_P_000604.tif;Textualis;
IRHT_P_000606.tif;Hybrida;Humanistic_cursive
IRHT_P_000607.tif;Textualis;Semitextualis
IRHT_P_000608.tif;Semitextualis;Textualis
IRHT_P_000612.tif;Textualis;
IRHT_P_000616.tif;Semihybrida;Humanistic_cursive
IRHT_P_000617.tif;Hybrida;Humanistic_cursive
IRHT_P_000627.tif;Hybrida;Humanistic
IRHT_P_000635.tif;Textualis;
IRHT_P_000636.tif;Textualis;Semitextualis
IRHT_P_000637.tif;Textualis;
IRHT_P_000640.tif;Textualis;
IRHT_P_000643.tif;Caroline;
IRHT_P_000644.tif;Caroline;
IRHT_P_000660.tif;Praegothica;
IRHT_P_000662.tif;Praegothica;
IRHT_P_000665.tif;Cursiva;Textualis
IRHT_P_000666.tif;Praegothica;Semitextualis
IRHT_P_000667.tif;Praegothica;
IRHT_P_000669.tif;Praegothica;
IRHT_P_000670.tif;Praegothica;Uncial
IRHT_P_000672.tif;Semitextualis;Textualis
IRHT_P_000673.tif;Praegothica;Uncial
IRHT_P_000677.tif;Praegothica;
IRHT_P_000678.tif;Caroline;Praegothica
IRHT_P_000679.tif;Praegothica;
IRHT_P_000680.tif;Praegothica;
IRHT_P_000681.tif;Praegothica;
IRHT_P_000682.tif;Caroline;Praegothica
IRHT_P_000683.tif;Caroline;Praegothica
IRHT_P_000684.tif;Praegothica;Uncial
IRHT_P_000690.tif;Praegothica;
IRHT_P_000691.tif;Praegothica;
IRHT_P_000692.tif;Praegothica;
IRHT_P_000696.tif;Praegothica;
IRHT_P_000697.tif;Cursiva;
IRHT_P_000698.tif;Cursiva;
IRHT_P_000699.tif;Textualis;Cursiva
IRHT_P_000700.tif;Textualis;Cursiva
IRHT_P_000702.tif;Praegothica;
IRHT_P_000703.tif;Praegothica;Textualis
IRHT_P_000704.tif;Textualis;
IRHT_P_000708.tif;Textualis;
IRHT_P_000711.tif;Textualis;Semitextualis
IRHT_P_000712.tif;Cursiva;
IRHT_P_000714.tif;Textualis;
IRHT_P_000716.tif;Textualis;
IRHT_P_000717.tif;Praegothica;Textualis
IRHT_P_000718.tif;Praegothica;Uncial
IRHT_P_000719.tif;Textualis;
IRHT_P_000724.tif;Praegothica;Textualis
IRHT_P_000729.tif;Praegothica;Textualis
IRHT_P_000730.tif;Praegothica;Textualis
IRHT_P_000731.tif;Praegothica;Textualis
IRHT_P_000732.tif;Praegothica;Textualis
IRHT_P_000733.tif;Praegothica;Uncial
IRHT_P_000734.tif;Praegothica;Uncial
IRHT_P_000736.tif;Praegothica;Textualis
IRHT_P_000737.tif;Praegothica;
IRHT_P_000739.tif;Praegothica;
IRHT_P_000741.tif;Praegothica;
IRHT_P_000742.tif;Praegothica;
IRHT_P_000743.tif;Praegothica;
IRHT_P_000745.tif;Praegothica;
IRHT_P_000747.tif;Praegothica;
IRHT_P_000748.tif;Praegothica;Uncial
IRHT_P_000749.tif;Semihybrida;Textualis
IRHT_P_000752.tif;Hybrida;Cursiva
IRHT_P_000753.tif;Praegothica;Textualis
IRHT_P_000754.tif;Textualis;Cursiva
IRHT_P_000755.tif;Praegothica;
IRHT_P_000756.tif;Praegothica;
IRHT_P_000757.tif;Praegothica;
IRHT_P_000758.tif;Praegothica;
IRHT_P_000766.tif;Praegothica;
IRHT_P_000771.tif;Praegothica;Uncial
IRHT_P_000772.tif;Textualis;Semitextualis
IRHT_P_000773.tif;Textualis;
IRHT_P_000774.tif;Hybrida;Textualis
IRHT_P_000775.tif;Textualis;
IRHT_P_000776.tif;Praegothica;
IRHT_P_000777.tif;Praegothica;
IRHT_P_000778.tif;Textualis;
IRHT_P_000779.tif;Textualis;
IRHT_P_000780.tif;Praegothica;
IRHT_P_000781.tif;Textualis;
IRHT_P_000782.tif;Textualis;
IRHT_P_000783.tif;Cursiva;
IRHT_P_000784.tif;Textualis;
IRHT_P_000785.tif;Semitextualis;
IRHT_P_000786.tif;Textualis;
IRHT_P_000787.tif;Textualis;
IRHT_P_000788.tif;Textualis;
IRHT_P_000789.tif;Textualis;
IRHT_P_000790.tif;Textualis;
IRHT_P_000791.tif;Textualis;
IRHT_P_000792.tif;Praegothica;Textualis
IRHT_P_000793.tif;Praegothica;Textualis
IRHT_P_000794.tif;Praegothica;Textualis
IRHT_P_000797.tif;Praegothica;Textualis
IRHT_P_000798.tif;Praegothica;Textualis
IRHT_P_000799.tif;Praegothica;
IRHT_P_000800.tif;Praegothica;Textualis
IRHT_P_000801.tif;Textualis;
IRHT_P_000802.tif;Textualis;
IRHT_P_000803.tif;Semihybrida;Textualis
IRHT_P_000807.tif;Textualis;
IRHT_P_000808.tif;Textualis;
IRHT_P_000810.tif;Textualis;
IRHT_P_000812.tif;Textualis;
IRHT_P_000816.tif;Semitextualis;Textualis
IRHT_P_000817.tif;Semitextualis;Textualis
IRHT_P_000818.tif;Textualis;Cursiva
IRHT_P_000819.tif;Textualis;Cursiva
IRHT_P_000820.tif;Semitextualis;Textualis
IRHT_P_000836.tif;Cursiva;Hybrida
IRHT_P_000838.tif;Textualis;
IRHT_P_000839.tif;Textualis;
IRHT_P_000841.tif;Praegothica;
IRHT_P_000842.tif;Praegothica;Textualis
IRHT_P_000843.tif;Textualis;
IRHT_P_000844.tif;Textualis;
IRHT_P_000845.tif;Praegothica;
IRHT_P_000847.tif;Textualis;Semitextualis
IRHT_P_000848.tif;Textualis;
IRHT_P_000851.tif;Textualis;
IRHT_P_000852.tif;Textualis;
IRHT_P_000855.tif;Cursiva;Textualis
IRHT_P_000856.tif;Textualis;Semitextualis
IRHT_P_000857.tif;Semitextualis;Cursiva
IRHT_P_000858.tif;Textualis;
IRHT_P_000859.tif;Textualis;
IRHT_P_000861.tif;Textualis;Semitextualis
IRHT_P_000862.tif;Textualis;Semitextualis
IRHT_P_000875.tif;Cursiva;Textualis
IRHT_P_000876.tif;Cursiva;Textualis
IRHT_P_000877.tif;Textualis;
IRHT_P_000878.tif;Textualis;
IRHT_P_000879.tif;Textualis;
IRHT_P_000880.tif;Cursiva;Textualis
IRHT_P_000881.tif;Cursiva;Textualis
IRHT_P_000884.tif;Hybrida;Textualis
IRHT_P_000887.tif;Hybrida;
IRHT_P_000888.tif;Hybrida;
IRHT_P_000889.tif;Cursiva;
IRHT_P_000890.tif;Cursiva;
IRHT_P_000891.tif;Praegothica;
IRHT_P_000894.tif;Textualis;
IRHT_P_000896.tif;Cursiva;
IRHT_P_000897.tif;Cursiva;Semihybrida
IRHT_P_000898.tif;Cursiva;
IRHT_P_000899.tif;Cursiva;
IRHT_P_000900.tif;Half_uncial;Caroline
IRHT_P_000901.tif;Half_uncial;Uncial
IRHT_P_000902.tif;Half_uncial;Caroline
IRHT_P_000904.tif;Half_uncial;Caroline
IRHT_P_000918.tif;Textualis;Semitextualis
IRHT_P_000919.tif;Semitextualis;Textualis
IRHT_P_000920.tif;Semitextualis;Textualis
IRHT_P_000921.tif;Cursiva;Textualis
IRHT_P_000922.tif;Cursiva;Textualis
IRHT_P_000923.tif;Cursiva;Textualis
IRHT_P_000927.tif;Cursiva;Textualis
IRHT_P_000928.tif;Cursiva;Textualis
IRHT_P_000933.tif;Hybrida;Textualis
IRHT_P_000940.tif;Hybrida;Cursiva
IRHT_P_000941.tif;Hybrida;Humanistic_cursive
IRHT_P_000942.tif;Hybrida;
IRHT_P_000943.tif;Hybrida;
IRHT_P_000946.tif;Hybrida;
IRHT_P_000947.tif;Hybrida;
IRHT_P_000950.tif;Praegothica;Uncial
IRHT_P_000953.tif;Praegothica;Uncial
IRHT_P_000954.tif;Semitextualis;Humanistic
IRHT_P_000955.tif;Semitextualis;Humanistic
IRHT_P_000956.tif;Textualis;Cursiva
IRHT_P_000961.tif;Hybrida;Cursiva
IRHT_P_000964.tif;Cursiva;Hybrida
IRHT_P_000968.tif;Hybrida;Semihybrida
IRHT_P_000969.tif;Textualis;Cursiva
IRHT_P_000970.tif;Semitextualis;Hybrida
IRHT_P_000971.tif;Semitextualis;Hybrida
IRHT_P_000972.tif;Cursiva;Textualis
IRHT_P_000973.tif;Cursiva;Textualis
IRHT_P_000974.tif;Hybrida;
IRHT_P_000975.tif;Hybrida;
IRHT_P_000978.tif;Textualis;Cursiva
IRHT_P_000989.tif;Cursiva;Textualis
IRHT_P_001011.tif;Cursiva;
IRHT_P_001017.tif;Praegothica;
IRHT_P_001018.tif;Humanistic;
IRHT_P_001019.tif;Hybrida;Humanistic_cursive
IRHT_P_001020.tif;Textualis;Humanistic
IRHT_P_001023.tif;Cursiva;Textualis
IRHT_P_001024.tif;Cursiva;Textualis
IRHT_P_001027.tif;Cursiva;
IRHT_P_001029.tif;Cursiva;Hybrida
IRHT_P_001033.tif;Textualis;
IRHT_P_001034.tif;Textualis;
IRHT_P_001039.tif;Textualis;Cursiva
IRHT_P_001046.tif;Textualis;
IRHT_P_001047.tif;Textualis;
IRHT_P_001051.tif;Textualis;Praegothica
IRHT_P_001052.tif;Textualis;
IRHT_P_001054.tif;Textualis;
IRHT_P_001055.tif;Semitextualis;Textualis
IRHT_P_001058.tif;Textualis;
IRHT_P_001059.tif;Semihybrida;Cursiva
IRHT_P_001060.tif;Textualis;
IRHT_P_001061.tif;Cursiva;Textualis
IRHT_P_001066.tif;Praegothica;
IRHT_P_001069.tif;Hybrida;Semitextualis
IRHT_P_001070.tif;Textualis;
IRHT_P_001071.tif;Textualis;
IRHT_P_001072.tif;Praegothica;
IRHT_P_001073.tif;Praegothica;
IRHT_P_001074.tif;Praegothica;
IRHT_P_001078.tif;Textualis;
IRHT_P_001079.tif;Textualis;
IRHT_P_001084.tif;Cursiva;Hybrida
IRHT_P_001085.tif;Semihybrida;Hybrida
IRHT_P_001088.tif;Humanistic;Textualis
IRHT_P_001089.tif;Textualis;
IRHT_P_001090.tif;Textualis;
IRHT_P_001096.tif;Textualis;
IRHT_P_001100.tif;Hybrida;
IRHT_P_001104.tif;Hybrida;Cursiva
IRHT_P_001107.tif;Caroline;Cursiva
IRHT_P_001114.tif;Hybrida;
IRHT_P_001115.tif;Cursiva;
IRHT_P_001116.tif;Cursiva;
IRHT_P_001118.tif;Cursiva;Semihybrida
IRHT_P_001125.tif;Hybrida;Cursiva
IRHT_P_001126.tif;Hybrida;Cursiva
IRHT_P_001127.tif;Cursiva;
IRHT_P_001139.tif;Cursiva;Semihybrida
IRHT_P_001142.tif;Textualis;Praegothica
IRHT_P_001143.tif;Praegothica;
IRHT_P_001144.tif;Praegothica;Textualis
IRHT_P_001145.tif;Praegothica;Caroline
IRHT_P_001148.tif;Praegothica;
IRHT_P_001149.tif;Praegothica;
IRHT_P_001154.tif;Praegothica;
IRHT_P_001156.tif;Praegothica;
IRHT_P_001157.tif;Textualis;Praegothica
IRHT_P_001159.tif;Textualis;
IRHT_P_001160.tif;Praegothica;
IRHT_P_001163.tif;Praegothica;
IRHT_P_001164.tif;Praegothica;
IRHT_P_001166.tif;Praegothica;Uncial
IRHT_P_001167.tif;Praegothica;
IRHT_P_001174.tif;Textualis;
IRHT_P_001176.tif;Praegothica;
IRHT_P_001178.tif;Praegothica;Textualis
IRHT_P_001179.tif;Praegothica;
IRHT_P_001180.tif;Praegothica;Uncial
IRHT_P_001186.tif;Praegothica;
IRHT_P_001187.tif;Praegothica;
IRHT_P_001188.tif;Praegothica;
IRHT_P_001190.tif;Praegothica;
IRHT_P_001191.tif;Praegothica;Textualis
IRHT_P_001192.tif;Praegothica;
IRHT_P_001193.tif;Praegothica;
IRHT_P_001197.tif;Praegothica;
IRHT_P_001202.tif;Praegothica;Uncial
IRHT_P_001203.tif;Praegothica;
IRHT_P_001204.tif;Praegothica;
IRHT_P_001205.tif;Textualis;
IRHT_P_001206.tif;Praegothica;
IRHT_P_001208.tif;Praegothica;
IRHT_P_001209.tif;Praegothica;Uncial
IRHT_P_001211.tif;Praegothica;
IRHT_P_001212.tif;Praegothica;Uncial
IRHT_P_001213.tif;Praegothica;
IRHT_P_001215.tif;Praegothica;
IRHT_P_001218.tif;Praegothica;
IRHT_P_001219.tif;Praegothica;
IRHT_P_001225.tif;Textualis;Praegothica
IRHT_P_001226.tif;Praegothica;
IRHT_P_001229.tif;Semitextualis;Cursiva
IRHT_P_001233.tif;Textualis;Praegothica
IRHT_P_001234.tif;Praegothica;
IRHT_P_001235.tif;Textualis;Praegothica
IRHT_P_001238.tif;Semitextualis;Humanistic_cursive
IRHT_P_001239.tif;Caroline;Uncial
IRHT_P_001241.tif;Semitextualis;Humanistic
IRHT_P_001245.tif;Praegothica;
IRHT_P_001246.tif;Praegothica;
IRHT_P_001247.tif;Praegothica;
IRHT_P_001248.tif;Praegothica;
IRHT_P_001249.tif;Praegothica;
IRHT_P_001251.tif;Praegothica;Uncial
IRHT_P_001252.tif;Textualis;
IRHT_P_001253.tif;Praegothica;Textualis
IRHT_P_001256.tif;Textualis;
IRHT_P_001257.tif;Textualis;Praegothica
IRHT_P_001259.tif;Praegothica;
IRHT_P_001260.tif;Praegothica;
IRHT_P_001261.tif;Praegothica;Textualis
IRHT_P_001262.tif;Praegothica;Textualis
IRHT_P_001263.tif;Praegothica;Textualis
IRHT_P_001264.tif;Praegothica;Caroline
IRHT_P_001265.tif;Praegothica;
IRHT_P_001266.tif;Textualis;Cursiva
IRHT_P_001272.tif;Praegothica;
IRHT_P_001274.tif;Textualis;
IRHT_P_001275.tif;Textualis;
IRHT_P_001276.tif;Textualis;
IRHT_P_001277.tif;Textualis;
IRHT_P_001278.tif;Textualis;
IRHT_P_001280.tif;Textualis;
IRHT_P_001281.tif;Textualis;
IRHT_P_001283.tif;Semihybrida;
IRHT_P_001284.tif;Hybrida;Semihybrida
IRHT_P_001285.tif;Hybrida;
IRHT_P_001289.tif;Hybrida;Textualis
IRHT_P_001290.tif;Caroline;Half_uncial
IRHT_P_001291.tif;Caroline;Half_uncial
IRHT_P_001292.tif;Hybrida;Semitextualis
IRHT_P_001293.tif;Hybrida;Semitextualis
IRHT_P_001294.tif;Textualis;
IRHT_P_001295.tif;Textualis;
IRHT_P_001296.tif;Textualis;
IRHT_P_001297.tif;Textualis;
IRHT_P_001298.tif;Praegothica;Caroline
IRHT_P_001299.tif;Praegothica;
IRHT_P_001300.tif;Praegothica;
IRHT_P_001301.tif;Praegothica;Uncial
IRHT_P_001302.tif;Textualis;
IRHT_P_001303.tif;Textualis;
IRHT_P_001304.tif;Textualis;
IRHT_P_001305.tif;Textualis;
IRHT_P_001306.tif;Textualis;
IRHT_P_001307.tif;Praegothica;
IRHT_P_001308.tif;Praegothica;
IRHT_P_001309.tif;Praegothica;
IRHT_P_001310.tif;Praegothica;Textualis
IRHT_P_001311.tif;Praegothica;
IRHT_P_001312.tif;Praegothica;
IRHT_P_001313.tif;Praegothica;
IRHT_P_001314.tif;Textualis;
IRHT_P_001315.tif;Textualis;
IRHT_P_001316.tif;Praegothica;
IRHT_P_001317.tif;Textualis;
IRHT_P_001318.tif;Textualis;
IRHT_P_001319.tif;Praegothica;Textualis
IRHT_P_001320.tif;Praegothica;Textualis
IRHT_P_001321.tif;Praegothica;Textualis
IRHT_P_001322.tif;Praegothica;Textualis
IRHT_P_001323.tif;Cursiva;
IRHT_P_001324.tif;Cursiva;
IRHT_P_001325.tif;Caroline;Praegothica
IRHT_P_001326.tif;Caroline;Praegothica
IRHT_P_001327.tif;Praegothica;
IRHT_P_001328.tif;Praegothica;
IRHT_P_001329.tif;Praegothica;Textualis
IRHT_P_001330.tif;Textualis;
IRHT_P_001331.tif;Textualis;
IRHT_P_001332.tif;Praegothica;Textualis
IRHT_P_001333.tif;Textualis;
IRHT_P_001335.tif;Textualis;
IRHT_P_001336.tif;Textualis;Praegothica
IRHT_P_001337.tif;Textualis;
IRHT_P_001338.tif;Textualis;
IRHT_P_001343.tif;Textualis;
IRHT_P_001352.tif;Textualis;Hybrida
IRHT_P_001353.tif;Textualis;
IRHT_P_001362.tif;Praegothica;
IRHT_P_001363.tif;Praegothica;Caroline
IRHT_P_001364.tif;Praegothica;
IRHT_P_001365.tif;Textualis;
IRHT_P_001366.tif;Textualis;
IRHT_P_001367.tif;Textualis;
IRHT_P_001368.tif;Textualis;
IRHT_P_001369.tif;Textualis;
IRHT_P_001370.tif;Textualis;
IRHT_P_001371.tif;Textualis;
IRHT_P_001376.tif;Semihybrida;
IRHT_P_001378.tif;Praegothica;
IRHT_P_001379.tif;Textualis;
IRHT_P_001380.tif;Cursiva;
IRHT_P_001381.tif;Textualis;
IRHT_P_001382.tif;Cursiva;
IRHT_P_001383.tif;Cursiva;
IRHT_P_001384.tif;Praegothica;
IRHT_P_001385.tif;Praegothica;
IRHT_P_001386.tif;Praegothica;
IRHT_P_001389.tif;Praegothica;
IRHT_P_001390.tif;Praegothica;
IRHT_P_001391.tif;Praegothica;
IRHT_P_001392.tif;Praegothica;
IRHT_P_001394.tif;Praegothica;
IRHT_P_001397.tif;Praegothica;
IRHT_P_001399.tif;Praegothica;
IRHT_P_001400.tif;Praegothica;
IRHT_P_001401.tif;Praegothica;
IRHT_P_001402.tif;Praegothica;
IRHT_P_001403.tif;Praegothica;Uncial
IRHT_P_001404.tif;Praegothica;
IRHT_P_001405.tif;Praegothica;
IRHT_P_001406.tif;Praegothica;
IRHT_P_001408.tif;Praegothica;
IRHT_P_001411.tif;Praegothica;
IRHT_P_001412.tif;Praegothica;
IRHT_P_001413.tif;Praegothica;
IRHT_P_001415.tif;Praegothica;
IRHT_P_001416.tif;Praegothica;
IRHT_P_001417.tif;Praegothica;
IRHT_P_001418.tif;Praegothica;Uncial
IRHT_P_001420.tif;Praegothica;
IRHT_P_001421.tif;Praegothica;
IRHT_P_001422.tif;Praegothica;
IRHT_P_001423.tif;Praegothica;
IRHT_P_001424.tif;Praegothica;
IRHT_P_001425.tif;Praegothica;
IRHT_P_001426.tif;Praegothica;
IRHT_P_001427.tif;Praegothica;
IRHT_P_001428.tif;Praegothica;
IRHT_P_001429.tif;Praegothica;
IRHT_P_001430.tif;Praegothica;
IRHT_P_001431.tif;Praegothica;
IRHT_P_001432.tif;Praegothica;
IRHT_P_001433.tif;Praegothica;
IRHT_P_001434.tif;Praegothica;
IRHT_P_001435.tif;Praegothica;
IRHT_P_001437.tif;Praegothica;
IRHT_P_001438.tif;Praegothica;
IRHT_P_001439.tif;Praegothica;
IRHT_P_001440.tif;Praegothica;
IRHT_P_001441.tif;Praegothica;
IRHT_P_001442.tif;Praegothica;
IRHT_P_001443.tif;Praegothica;
IRHT_P_001444.tif;Praegothica;
IRHT_P_001445.tif;Praegothica;
IRHT_P_001446.tif;Praegothica;
IRHT_P_001448.tif;Praegothica;
IRHT_P_001452.tif;Praegothica;Textualis
IRHT_P_001453.tif;Praegothica;Textualis
IRHT_P_001454.tif;Praegothica;
IRHT_P_001456.tif;Praegothica;
IRHT_P_001457.tif;Praegothica;
IRHT_P_001459.tif;Praegothica;
IRHT_P_001460.tif;Praegothica;
IRHT_P_001461.tif;Praegothica;
IRHT_P_001462.tif;Praegothica;
IRHT_P_001463.tif;Praegothica;
IRHT_P_001464.tif;Praegothica;
IRHT_P_001465.tif;Cursiva;
IRHT_P_001466.tif;Cursiva;
IRHT_P_001467.tif;Praegothica;
IRHT_P_001468.tif;Praegothica;
IRHT_P_001469.tif;Praegothica;
IRHT_P_001470.tif;Praegothica;
IRHT_P_001471.tif;Semitextualis;Textualis
IRHT_P_001472.tif;Textualis;Hybrida
IRHT_P_001473.tif;Caroline;
IRHT_P_001474.tif;Caroline;
IRHT_P_001475.tif;Caroline;Uncial
IRHT_P_001476.tif;Caroline;
IRHT_P_001477.tif;Caroline;
IRHT_P_001478.tif;Caroline;
IRHT_P_001479.tif;Caroline;Uncial
IRHT_P_001480.tif;Caroline;
IRHT_P_001482.tif;Caroline;Uncial
IRHT_P_001483.tif;Caroline;Uncial
IRHT_P_001484.tif;Praegothica;
IRHT_P_001485.tif;Praegothica;
IRHT_P_001486.tif;Praegothica;
IRHT_P_001487.tif;Praegothica;Uncial
IRHT_P_001489.tif;Hybrida;Textualis
IRHT_P_001490.tif;Semihybrida;Hybrida
IRHT_P_001491.tif;Hybrida;
IRHT_P_001496.tif;Caroline;
IRHT_P_001497.tif;Caroline;
IRHT_P_001498.tif;Caroline;
IRHT_P_001499.tif;Caroline;
IRHT_P_001501.tif;Caroline;
IRHT_P_001502.tif;Praegothica;
IRHT_P_001503.tif;Praegothica;
IRHT_P_001504.tif;Praegothica;
IRHT_P_001507.tif;Caroline;
IRHT_P_001508.tif;Caroline;
IRHT_P_001509.tif;Caroline;
IRHT_P_001511.tif;Praegothica;
IRHT_P_001512.tif;Praegothica;
IRHT_P_001513.tif;Praegothica;Uncial
IRHT_P_001514.tif;Praegothica;
IRHT_P_001515.tif;Cursiva;
IRHT_P_001516.tif;Cursiva;Textualis
IRHT_P_001517.tif;Praegothica;
IRHT_P_001520.tif;Praegothica;
IRHT_P_001524.tif;Praegothica;Uncial
IRHT_P_001525.tif;Praegothica;Uncial
IRHT_P_001526.tif;Praegothica;
IRHT_P_001527.tif;Cursiva;Textualis
IRHT_P_001529.tif;Semihybrida;
IRHT_P_001531.tif;Praegothica;
IRHT_P_001532.tif;Praegothica;Uncial
IRHT_P_001533.tif;Praegothica;
IRHT_P_001534.tif;Praegothica;
IRHT_P_001535.tif;Praegothica;
IRHT_P_001536.tif;Cursiva;
IRHT_P_001538.tif;Cursiva;
IRHT_P_001541.tif;Semihybrida;
IRHT_P_001542.tif;Semihybrida;
IRHT_P_001543.tif;Semihybrida;Hybrida
IRHT_P_001544.tif;Textualis;Semitextualis
IRHT_P_001545.tif;Textualis;
IRHT_P_001546.tif;Textualis;
IRHT_P_001547.tif;Cursiva;
IRHT_P_001548.tif;Semihybrida;Hybrida
IRHT_P_001549.tif;Hybrida;
IRHT_P_001550.tif;Semitextualis;
IRHT_P_001551.tif;Hybrida;Cursiva
IRHT_P_001552.tif;Cursiva;
IRHT_P_001553.tif;Semitextualis;Textualis
IRHT_P_001554.tif;Semitextualis;Textualis
IRHT_P_001555.tif;Semitextualis;Hybrida
IRHT_P_001556.tif;Semitextualis;Humanistic
IRHT_P_001557.tif;Hybrida;
IRHT_P_001558.tif;Hybrida;Textualis
IRHT_P_001559.tif;Praegothica;
IRHT_P_001560.tif;Caroline;
IRHT_P_001561.tif;Caroline;
IRHT_P_001562.tif;Caroline;
IRHT_P_001563.tif;Caroline;
IRHT_P_001564.tif;Cursiva;Semihybrida
IRHT_P_001565.tif;Cursiva;
IRHT_P_001566.tif;Cursiva;
IRHT_P_001567.tif;Cursiva;
IRHT_P_001568.tif;Cursiva;
IRHT_P_001569.tif;Cursiva;
IRHT_P_001570.tif;Cursiva;
IRHT_P_001571.tif;Cursiva;
IRHT_P_001572.tif;Semihybrida;Textualis
IRHT_P_001573.tif;Semihybrida;
IRHT_P_001576.tif;Textualis;Praegothica
IRHT_P_001577.tif;Textualis;
IRHT_P_001578.tif;Textualis;
IRHT_P_001581.tif;Textualis;
IRHT_P_001582.tif;Textualis;
IRHT_P_001587.tif;Caroline;Uncial
IRHT_P_001588.tif;Cursiva;
IRHT_P_001589.tif;Semihybrida;
IRHT_P_001590.tif;Hybrida;
IRHT_P_001591.tif;Semihybrida;
IRHT_P_001593.tif;Textualis;
IRHT_P_001594.tif;Textualis;
IRHT_P_001595.tif;Textualis;
IRHT_P_001599.tif;Southern_Textualis;Textualis
IRHT_P_001600.tif;Southern_Textualis;Textualis
IRHT_P_001603.tif;Praegothica;Uncial
IRHT_P_001604.tif;Praegothica;
IRHT_P_001605.tif;Praegothica;
IRHT_P_001606.tif;Praegothica;
IRHT_P_001607.tif;Praegothica;
IRHT_P_001609.tif;Praegothica;Uncial
IRHT_P_001610.tif;Praegothica;
IRHT_P_001611.tif;Southern_Textualis;Hybrida
IRHT_P_001612.tif;Southern_Textualis;Semihybrida
IRHT_P_001614.tif;Southern_Textualis;
IRHT_P_001615.tif;Textualis;Southern_Textualis
IRHT_P_001616.tif;Textualis;
IRHT_P_001617.tif;Textualis;
IRHT_P_001618.tif;Cursiva;
IRHT_P_001619.tif;Cursiva;
IRHT_P_001620.tif;Cursiva;
IRHT_P_001622.tif;Semihybrida;
IRHT_P_001623.tif;Hybrida;Textualis
IRHT_P_001625.tif;Praegothica;
IRHT_P_001630.tif;Praegothica;
IRHT_P_001631.tif;Hybrida;
IRHT_P_001632.tif;Textualis;
IRHT_P_001633.tif;Textualis;Cursiva
IRHT_P_001634.tif;Textualis;
IRHT_P_001636.tif;Textualis;Hybrida
IRHT_P_001637.tif;Textualis;Hybrida
IRHT_P_001639.tif;Praegothica;Uncial
IRHT_P_001640.tif;Praegothica;Uncial
IRHT_P_001641.tif;Praegothica;
IRHT_P_001648.tif;Cursiva;
IRHT_P_001649.tif;Cursiva;
IRHT_P_001650.tif;Praegothica;Uncial
IRHT_P_001658.tif;Praegothica;Cursiva
IRHT_P_001659.tif;Praegothica;
IRHT_P_001660.tif;Praegothica;
IRHT_P_001661.tif;Praegothica;
IRHT_P_001662.tif;Praegothica;
IRHT_P_001663.tif;Praegothica;Uncial
IRHT_P_001669.tif;Cursiva;
IRHT_P_001670.tif;Cursiva;Textualis
IRHT_P_001671.tif;Hybrida;Textualis
IRHT_P_001672.tif;Southern_Textualis;
IRHT_P_001678.tif;Cursiva;
IRHT_P_001679.tif;Cursiva;
IRHT_P_001680.tif;Cursiva;
IRHT_P_001681.tif;Textualis;
IRHT_P_001684.tif;Hybrida;
IRHT_P_001691.tif;Textualis;Semitextualis
IRHT_P_001692.tif;Semihybrida;
IRHT_P_001693.tif;Textualis;
IRHT_P_001697.tif;Cursiva;Textualis
IRHT_P_001698.tif;Cursiva;Textualis
IRHT_P_001701.tif;Praegothica;
IRHT_P_001703.tif;Praegothica;
IRHT_P_001704.tif;Semitextualis;Textualis
IRHT_P_001706.tif;Textualis;
IRHT_P_001708.tif;Cursiva;
IRHT_P_001709.tif;Cursiva;
IRHT_P_001723.tif;Textualis;Southern_Textualis
IRHT_P_001724.tif;Textualis;Southern_Textualis
IRHT_P_001725.tif;Praegothica;
IRHT_P_001727.tif;Praegothica;
IRHT_P_001734.tif;Praegothica;Cursiva
IRHT_P_001740.tif;Praegothica;Textualis
IRHT_P_001741.tif;Praegothica;Textualis
IRHT_P_001742.tif;Praegothica;Textualis
IRHT_P_001743.tif;Praegothica;Textualis
IRHT_P_001744.tif;Praegothica;Textualis
IRHT_P_001745.tif;Praegothica;Textualis
IRHT_P_001756.tif;Praegothica;Textualis
IRHT_P_001760.tif;Textualis;
IRHT_P_001761.tif;Praegothica;Textualis
IRHT_P_001762.tif;Praegothica;Textualis
IRHT_P_001763.tif;Praegothica;Textualis
IRHT_P_001764.tif;Praegothica;Textualis
IRHT_P_001765.tif;Textualis;Southern_Textualis
IRHT_P_001766.tif;Textualis;Southern_Textualis
IRHT_P_001767.tif;Textualis;
IRHT_P_001768.tif;Textualis;Southern_Textualis
IRHT_P_001771.tif;Textualis;Hybrida
IRHT_P_001773.tif;Praegothica;Cursiva
IRHT_P_001777.tif;Textualis;
IRHT_P_001778.tif;Textualis;
IRHT_P_001779.tif;Textualis;Southern_Textualis
IRHT_P_001780.tif;Textualis;Southern_Textualis
IRHT_P_001781.tif;Praegothica;Textualis
IRHT_P_001782.tif;Praegothica;Textualis
IRHT_P_001783.tif;Caroline;Uncial
IRHT_P_001786.tif;Textualis;Semitextualis
IRHT_P_001787.tif;Semitextualis;Textualis
IRHT_P_001789.tif;Praegothica;
IRHT_P_001797.tif;Semitextualis;Textualis
IRHT_P_001802.tif;Hybrida;Cursiva
IRHT_P_001811.tif;Semitextualis;Humanistic
IRHT_P_001812.tif;Semitextualis;Humanistic
IRHT_P_001814.tif;Humanistic_cursive;Hybrida
IRHT_P_001815.tif;Cursiva;Textualis
IRHT_P_001817.tif;Semitextualis;Textualis
IRHT_P_001818.tif;Semitextualis;Textualis
IRHT_P_001821.tif;Hybrida;Textualis
IRHT_P_001822.tif;Hybrida;
IRHT_P_001823.tif;Hybrida;Textualis
IRHT_P_001824.tif;Hybrida;
IRHT_P_001825.tif;Hybrida;
IRHT_P_001828.tif;Textualis;Cursiva
IRHT_P_001829.tif;Textualis;Semitextualis
IRHT_P_001831.tif;Textualis;Hybrida
IRHT_P_001837.tif;Semitextualis;Textualis
IRHT_P_001840.tif;Cursiva;Textualis
IRHT_P_001847.tif;Caroline;
IRHT_P_001848.tif;Caroline;
IRHT_P_001851.tif;Textualis;
IRHT_P_001852.tif;Textualis;
IRHT_P_001853.tif;Textualis;
IRHT_P_001854.tif;Textualis;
IRHT_P_001855.tif;Textualis;
IRHT_P_001856.tif;Textualis;
IRHT_P_001858.tif;Textualis;
IRHT_P_001859.tif;Textualis;
IRHT_P_001860.tif;Textualis;
IRHT_P_001861.tif;Textualis;
IRHT_P_001862.tif;Textualis;
IRHT_P_001863.tif;Praegothica;
IRHT_P_001864.tif;Hybrida;
IRHT_P_001866.tif;Cursiva;
IRHT_P_001867.tif;Textualis;
IRHT_P_001869.tif;Textualis;
IRHT_P_001870.tif;Textualis;
IRHT_P_001871.tif;Semihybrida;
IRHT_P_001872.tif;Hybrida;Cursiva
IRHT_P_001873.tif;Textualis;
IRHT_P_001874.tif;Textualis;
IRHT_P_001875.tif;Hybrida;
IRHT_P_001876.tif;Cursiva;
IRHT_P_001877.tif;Cursiva;
IRHT_P_001878.tif;Hybrida;
IRHT_P_001879.tif;Hybrida;Humanistic
IRHT_P_001880.tif;Hybrida;
IRHT_P_001882.tif;Cursiva;Textualis
IRHT_P_001883.tif;Semihybrida;Textualis
IRHT_P_001884.tif;Textualis;
IRHT_P_001885.tif;Textualis;Cursiva
IRHT_P_001886.tif;Cursiva;
IRHT_P_001887.tif;Textualis;
IRHT_P_001888.tif;Semihybrida;
IRHT_P_001889.tif;Semihybrida;
IRHT_P_001890.tif;Hybrida;
IRHT_P_001891.tif;Hybrida;
IRHT_P_001892.tif;Cursiva;
IRHT_P_001893.tif;Cursiva;
IRHT_P_001894.tif;Hybrida;Textualis
IRHT_P_001895.tif;Hybrida;Cursiva
IRHT_P_001896.tif;Cursiva;Semitextualis
IRHT_P_001897.tif;Hybrida;Cursiva
IRHT_P_001898.tif;Hybrida;Cursiva
IRHT_P_001899.tif;Cursiva;
IRHT_P_001900.tif;Semihybrida;
IRHT_P_001901.tif;Humanistic;
IRHT_P_001902.tif;Cursiva;
IRHT_P_001903.tif;Cursiva;
IRHT_P_001904.tif;Cursiva;
IRHT_P_001906.tif;Cursiva;
IRHT_P_001907.tif;Cursiva;
IRHT_P_001908.tif;Semihybrida;Cursiva
IRHT_P_001909.tif;Semihybrida;Textualis
IRHT_P_001917.tif;Textualis;
IRHT_P_001918.tif;Textualis;
IRHT_P_001922.tif;Textualis;Semitextualis
IRHT_P_001924.tif;Textualis;
IRHT_P_001925.tif;Hybrida;Humanistic_cursive
IRHT_P_001926.tif;Hybrida;Textualis
IRHT_P_001928.tif;Hybrida;Cursiva
IRHT_P_001939.tif;Cursiva;Textualis
IRHT_P_001943.tif;Textualis;Cursiva
IRHT_P_001958.tif;Semitextualis;Humanistic_cursive
IRHT_P_001960.tif;Cursiva;Semihybrida
IRHT_P_001963.tif;Caroline;
IRHT_P_001966.tif;Textualis;Humanistic
IRHT_P_001967.tif;Semitextualis;Humanistic
IRHT_P_001968.tif;Hybrida;Textualis
IRHT_P_001978.tif;Southern_Textualis;Textualis
IRHT_P_001992.tif;Hybrida;Humanistic_cursive
IRHT_P_001993.tif;Southern_Textualis;Cursiva
IRHT_P_001994.tif;Southern_Textualis;
IRHT_P_001996.tif;Textualis;
IRHT_P_001997.tif;Textualis;
IRHT_P_002002.tif;Textualis;
IRHT_P_002003.tif;Textualis;
IRHT_P_002004.tif;Textualis;
IRHT_P_002005.tif;Textualis;Humanistic
IRHT_P_002006.tif;Textualis;Humanistic
IRHT_P_002007.tif;Textualis;
IRHT_P_002008.tif;Textualis;
IRHT_P_002026.tif;Semitextualis;
IRHT_P_002030.tif;Cursiva;Textualis
IRHT_P_002031.tif;Semitextualis;Hybrida
IRHT_P_002032.tif;Textualis;Hybrida
IRHT_P_002040.tif;Textualis;
IRHT_P_002043.tif;Semihybrida;Textualis
IRHT_P_002046.tif;Cursiva;Semihybrida
IRHT_P_002048.tif;Semihybrida;Textualis
IRHT_P_002052.tif;Textualis;
IRHT_P_002053.tif;Textualis;
IRHT_P_002059.tif;Cursiva;Semihybrida
IRHT_P_002063.tif;Textualis;
IRHT_P_002064.tif;Textualis;
IRHT_P_002065.tif;Textualis;
IRHT_P_002073.tif;Cursiva;Hybrida
IRHT_P_002080.tif;Cursiva;
IRHT_P_002082.tif;Textualis;Semihybrida
IRHT_P_002086.tif;Textualis;
IRHT_P_002087.tif;Textualis;Cursiva
IRHT_P_002089.tif;Southern_Textualis;
IRHT_P_002090.tif;Textualis;
IRHT_P_002091.tif;Textualis;
IRHT_P_002092.tif;Praegothica;Textualis
IRHT_P_002093.tif;Textualis;
IRHT_P_002094.tif;Cursiva;Hybrida
IRHT_P_002095.tif;Cursiva;Textualis
IRHT_P_002098.tif;Humanistic;
IRHT_P_002100.tif;Southern_Textualis;Humanistic
IRHT_P_002102.tif;Cursiva;
IRHT_P_002109.tif;Caroline;Praegothica
IRHT_P_002110.tif;Caroline;Praegothica
IRHT_P_002111.tif;Caroline;Praegothica
IRHT_P_002112.tif;Caroline;Praegothica
IRHT_P_002113.tif;Caroline;Praegothica
IRHT_P_002114.tif;Textualis;
IRHT_P_002115.tif;Praegothica;Textualis
IRHT_P_002116.tif;Praegothica;Textualis
IRHT_P_002118.tif;Textualis;Cursiva
IRHT_P_002119.tif;Textualis;Cursiva
IRHT_P_002121.tif;Praegothica;Cursiva
IRHT_P_002122.tif;Caroline;Praegothica
IRHT_P_002123.tif;Caroline;Praegothica
IRHT_P_002127.tif;Textualis;
IRHT_P_002128.tif;Textualis;
IRHT_P_002131.tif;Caroline;Praegothica
IRHT_P_002132.tif;Caroline;Praegothica
IRHT_P_002133.tif;Caroline;Praegothica
IRHT_P_002141.tif;Cursiva;Hybrida
IRHT_P_002142.tif;Cursiva;Semihybrida
IRHT_P_002144.tif;Textualis;
IRHT_P_002148.tif;Textualis;
IRHT_P_002151.tif;Semitextualis;Textualis
IRHT_P_002152.tif;Semitextualis;Textualis
IRHT_P_002153.tif;Textualis;Southern_Textualis
IRHT_P_002154.tif;Textualis;Southern_Textualis
IRHT_P_002155.tif;Textualis;
IRHT_P_002159.tif;Textualis;
IRHT_P_002163.tif;Semihybrida;Hybrida
IRHT_P_002172.tif;Textualis;
IRHT_P_002176.tif;Cursiva;Textualis
IRHT_P_002178.tif;Semitextualis;Textualis
IRHT_P_002184.tif;Hybrida;Humanistic
IRHT_P_002185.tif;Hybrida;Humanistic
IRHT_P_002187.tif;Hybrida;Textualis
IRHT_P_002188.tif;Hybrida;
IRHT_P_002189.tif;Hybrida;Humanistic_cursive
IRHT_P_002190.tif;Hybrida;Humanistic_cursive
IRHT_P_002194.tif;Caroline;Praegothica
IRHT_P_002195.tif;Caroline;Praegothica
IRHT_P_002198.tif;Semitextualis;Textualis
IRHT_P_002199.tif;Cursiva;Hybrida
IRHT_P_002202.tif;Hybrida;Cursiva
IRHT_P_002204.tif;Hybrida;Semihybrida
IRHT_P_002214.tif;Semihybrida;
IRHT_P_002215.tif;Cursiva;Textualis
IRHT_P_002216.tif;Cursiva;Textualis
IRHT_P_002217.tif;Cursiva;Textualis
IRHT_P_002218.tif;Cursiva;Textualis
IRHT_P_002219.tif;Semitextualis;Textualis
IRHT_P_002221.tif;Cursiva;Textualis
IRHT_P_002225.tif;Caroline;
IRHT_P_002227.tif;Cursiva;Textualis
IRHT_P_002232.tif;Cursiva;
IRHT_P_002233.tif;Hybrida;
IRHT_P_002235.tif;Cursiva;Textualis
IRHT_P_002238.tif;Cursiva;Textualis
IRHT_P_002239.tif;Textualis;
IRHT_P_002241.tif;Praegothica;
IRHT_P_002242.tif;Praegothica;Textualis
IRHT_P_002244.tif;Praegothica;Hybrida
IRHT_P_002245.tif;Praegothica;Cursiva
IRHT_P_002246.tif;Caroline;
IRHT_P_002247.tif;Praegothica;
IRHT_P_002248.tif;Praegothica;Cursiva
IRHT_P_002251.tif;Hybrida;Semihybrida
IRHT_P_002253.tif;Praegothica;Cursiva
IRHT_P_002254.tif;Praegothica;Uncial
IRHT_P_002261.tif;Textualis;
IRHT_P_002264.tif;Semitextualis;Textualis
IRHT_P_002268.tif;Humanistic_cursive;Hybrida
IRHT_P_002269.tif;Humanistic_cursive;Hybrida
IRHT_P_002270.tif;Textualis;
IRHT_P_002272.tif;Textualis;
IRHT_P_002278.tif;Semitextualis;Textualis
IRHT_P_002281.tif;Praegothica;
IRHT_P_002282.tif;Praegothica;
IRHT_P_002285.tif;Praegothica;
IRHT_P_002288.tif;Praegothica;
IRHT_P_002289.tif;Praegothica;
IRHT_P_002292.tif;Praegothica;Hybrida
IRHT_P_002294.tif;Praegothica;
IRHT_P_002295.tif;Caroline;Uncial
IRHT_P_002296.tif;Caroline;
IRHT_P_002297.tif;Caroline;Uncial
IRHT_P_002299.tif;Textualis;Praegothica
IRHT_P_002304.tif;Praegothica;Cursiva
IRHT_P_002305.tif;Textualis;Praegothica
IRHT_P_002306.tif;Semitextualis;Textualis
IRHT_P_002307.tif;Textualis;Praegothica
IRHT_P_002308.tif;Caroline;
IRHT_P_002309.tif;Caroline;Uncial
IRHT_P_002311.tif;Caroline;Uncial
IRHT_P_002312.tif;Caroline;
IRHT_P_002313.tif;Caroline;
IRHT_P_002314.tif;Caroline;Uncial
IRHT_P_002327.tif;Textualis;Semitextualis
IRHT_P_002330.tif;Textualis;
IRHT_P_002333.tif;Praegothica;
IRHT_P_002335.tif;Humanistic;Humanistic_cursive
IRHT_P_002338.tif;Textualis;Semitextualis
IRHT_P_002339.tif;Textualis;
IRHT_P_002344.tif;Semitextualis;Textualis
IRHT_P_002348.tif;Caroline;
IRHT_P_002350.tif;Cursiva;Humanistic
IRHT_P_002352.tif;Textualis;
IRHT_P_002353.tif;Textualis;
IRHT_P_002354.tif;Textualis;
IRHT_P_002355.tif;Textualis;
IRHT_P_002362.tif;Cursiva;Semihybrida
IRHT_P_002365.tif;Hybrida;Humanistic_cursive
IRHT_P_002366.tif;Cursiva;Hybrida
IRHT_P_002379.tif;Textualis;
IRHT_P_002382.tif;Textualis;
IRHT_P_002384.tif;Textualis;
IRHT_P_002385.tif;Textualis;
IRHT_P_002388.tif;Textualis;
IRHT_P_002390.tif;Textualis;
IRHT_P_002391.tif;Hybrida;
IRHT_P_002395.tif;Textualis;
IRHT_P_002396.tif;Textualis;
IRHT_P_002397.tif;Textualis;
IRHT_P_002398.tif;Semitextualis;Textualis
IRHT_P_002400.tif;Hybrida;Cursiva
IRHT_P_002401.tif;Hybrida;Cursiva
IRHT_P_002402.tif;Cursiva;
IRHT_P_002405.tif;Hybrida;Humanistic_cursive
IRHT_P_002407.tif;Hybrida;Humanistic_cursive
IRHT_P_002411.tif;Praegothica;Semitextualis
IRHT_P_002412.tif;Praegothica;Uncial
IRHT_P_002414.tif;Textualis;
IRHT_P_002415.tif;Hybrida;Humanistic
IRHT_P_002417.tif;Textualis;
IRHT_P_002419.tif;Textualis;
IRHT_P_002420.tif;Textualis;
IRHT_P_002421.tif;Caroline;Praegothica
IRHT_P_002426.tif;Semitextualis;Humanistic
IRHT_P_002428.tif;Textualis;
IRHT_P_002429.tif;Textualis;Cursiva
IRHT_P_002439.tif;Textualis;
IRHT_P_002441.tif;Textualis;
IRHT_P_002442.tif;Textualis;
IRHT_P_002443.tif;Textualis;
IRHT_P_002452.tif;Caroline;Uncial
IRHT_P_002460.tif;Half_uncial;Caroline
IRHT_P_002463.tif;Caroline;Praegothica
IRHT_P_002464.tif;Praegothica;Uncial
IRHT_P_002467.tif;Textualis;
IRHT_P_002471.tif;Caroline;Uncial
IRHT_P_002476.tif;Hybrida;Textualis
IRHT_P_002477.tif;Hybrida;Textualis
IRHT_P_002478.tif;Textualis;Semitextualis
IRHT_P_002483.tif;Praegothica;
IRHT_P_002484.tif;Praegothica;
IRHT_P_002485.tif;Praegothica;Uncial
IRHT_P_002486.tif;Praegothica;Uncial
IRHT_P_002488.tif;Hybrida;Cursiva
IRHT_P_002506.tif;Textualis;Cursiva
IRHT_P_002514.tif;Caroline;Praegothica
IRHT_P_002515.tif;Caroline;Praegothica
IRHT_P_002519.tif;Hybrida;Humanistic
IRHT_P_002520.tif;Hybrida;
IRHT_P_002524.tif;Cursiva;Semihybrida
IRHT_P_002526.tif;Textualis;
IRHT_P_002527.tif;Textualis;
IRHT_P_002530.tif;Cursiva;Textualis
IRHT_P_002531.tif;Cursiva;Textualis
IRHT_P_002532.tif;Cursiva;Textualis
IRHT_P_002534.tif;Textualis;
IRHT_P_002535.tif;Textualis;
IRHT_P_002536.tif;Textualis;
IRHT_P_002538.tif;Praegothica;
IRHT_P_002539.tif;Semihybrida;
IRHT_P_002540.tif;Textualis;
IRHT_P_002541.tif;Textualis;
IRHT_P_002542.tif;Cursiva;
IRHT_P_002547.tif;Semihybrida;
IRHT_P_002548.tif;Semihybrida;
IRHT_P_002549.tif;Semihybrida;
IRHT_P_002550.tif;Cursiva;
IRHT_P_002551.tif;Cursiva;
IRHT_P_002552.tif;Cursiva;
IRHT_P_002553.tif;Caroline;
IRHT_P_002554.tif;Textualis;Southern_Textualis
IRHT_P_002555.tif;Textualis;
IRHT_P_002557.tif;Hybrida;Textualis
IRHT_P_002559.tif;Cursiva;
IRHT_P_002560.tif;Humanistic;Textualis
IRHT_P_002561.tif;Caroline;
IRHT_P_002562.tif;Caroline;
IRHT_P_002563.tif;Caroline;
IRHT_P_002564.tif;Caroline;
IRHT_P_002565.tif;Textualis;
IRHT_P_002566.tif;Cursiva;
IRHT_P_002567.tif;Textualis;
IRHT_P_002569.tif;Hybrida;Humanistic_cursive
IRHT_P_002570.tif;Cursiva;Textualis
IRHT_P_002571.tif;Praegothica;Textualis
IRHT_P_002572.tif;Praegothica;Textualis
IRHT_P_002575.tif;Praegothica;Textualis
IRHT_P_002582.tif;Praegothica;
IRHT_P_002584.tif;Praegothica;
IRHT_P_002585.tif;Textualis;
IRHT_P_002586.tif;Praegothica;
IRHT_P_002589.tif;Caroline;
IRHT_P_002590.tif;Caroline;
IRHT_P_002592.tif;Caroline;
IRHT_P_002593.tif;Praegothica;
IRHT_P_002594.tif;Praegothica;
IRHT_P_002595.tif;Praegothica;Textualis
IRHT_P_002596.tif;Textualis;
IRHT_P_002597.tif;Textualis;
IRHT_P_002599.tif;Praegothica;
IRHT_P_002600.tif;Cursiva;
IRHT_P_002602.tif;Semihybrida;Textualis
IRHT_P_002604.tif;Caroline;Uncial
IRHT_P_002605.tif;Caroline;Uncial
IRHT_P_002606.tif;Caroline;Uncial
IRHT_P_002607.tif;Caroline;Uncial
IRHT_P_002608.tif;Praegothica;
IRHT_P_002609.tif;Caroline;
IRHT_P_002610.tif;Caroline;
IRHT_P_002611.tif;Caroline;
IRHT_P_002612.tif;Caroline;
IRHT_P_002613.tif;Caroline;Uncial
IRHT_P_002614.tif;Praegothica;
IRHT_P_002615.tif;Praegothica;
IRHT_P_002616.tif;Caroline;
IRHT_P_002617.tif;Praegothica;Textualis
IRHT_P_002618.tif;Praegothica;Textualis
IRHT_P_002619.tif;Praegothica;Textualis
IRHT_P_002620.tif;Praegothica;Textualis
IRHT_P_002622.tif;Caroline;
IRHT_P_002623.tif;Caroline;
IRHT_P_002624.tif;Caroline;
IRHT_P_002625.tif;Praegothica;
IRHT_P_002626.tif;Praegothica;
IRHT_P_002627.tif;Caroline;Uncial
IRHT_P_002629.tif;Caroline;
IRHT_P_002630.tif;Caroline;
IRHT_P_002632.tif;Praegothica;
IRHT_P_002633.tif;Praegothica;
IRHT_P_002634.tif;Praegothica;
IRHT_P_002635.tif;Praegothica;
IRHT_P_002636.tif;Caroline;Uncial
IRHT_P_002637.tif;Caroline;
IRHT_P_002640.tif;Caroline;
IRHT_P_002642.tif;Praegothica;
IRHT_P_002643.tif;Praegothica;
IRHT_P_002644.tif;Praegothica;
IRHT_P_002645.tif;Textualis;
IRHT_P_002647.tif;Praegothica;
IRHT_P_002649.tif;Caroline;
IRHT_P_002651.tif;Textualis;
IRHT_P_002652.tif;Textualis;
IRHT_P_002654.tif;Praegothica;Textualis
IRHT_P_002655.tif;Textualis;
IRHT_P_002656.tif;Textualis;
IRHT_P_002658.tif;Praegothica;Textualis
IRHT_P_002659.tif;Textualis;
IRHT_P_002661.tif;Praegothica;Uncial
IRHT_P_002662.tif;Praegothica;Uncial
IRHT_P_002663.tif;Praegothica;
IRHT_P_002664.tif;Praegothica;
IRHT_P_002665.tif;Caroline;
IRHT_P_002668.tif;Textualis;
IRHT_P_002669.tif;Textualis;
IRHT_P_002671.tif;Textualis;Praegothica
IRHT_P_002672.tif;Praegothica;Textualis
IRHT_P_002673.tif;Praegothica;Uncial
IRHT_P_002674.tif;Praegothica;Uncial
IRHT_P_002675.tif;Caroline;
IRHT_P_002676.tif;Praegothica;
IRHT_P_002677.tif;Praegothica;
IRHT_P_002678.tif;Textualis;Praegothica
IRHT_P_002679.tif;Textualis;
IRHT_P_002680.tif;Textualis;
IRHT_P_002683.tif;Praegothica;
IRHT_P_002684.tif;Praegothica;
IRHT_P_002685.tif;Praegothica;
IRHT_P_002686.tif;Textualis;
IRHT_P_002687.tif;Textualis;
IRHT_P_002689.tif;Textualis;
IRHT_P_002690.tif;Semihybrida;
IRHT_P_002691.tif;Semihybrida;Textualis
IRHT_P_002692.tif;Praegothica;
IRHT_P_002693.tif;Praegothica;
IRHT_P_002694.tif;Praegothica;
IRHT_P_002695.tif;Praegothica;
IRHT_P_002696.tif;Praegothica;
IRHT_P_002697.tif;Praegothica;
IRHT_P_002698.tif;Praegothica;
IRHT_P_002699.tif;Praegothica;
IRHT_P_002700.tif;Textualis;Praegothica
IRHT_P_002701.tif;Textualis;Praegothica
IRHT_P_002702.tif;Textualis;Cursiva
IRHT_P_002703.tif;Praegothica;
IRHT_P_002704.tif;Caroline;
IRHT_P_002705.tif;Caroline;
IRHT_P_002706.tif;Caroline;
IRHT_P_002708.tif;Praegothica;
IRHT_P_002709.tif;Praegothica;
IRHT_P_002710.tif;Cursiva;Textualis
IRHT_P_002714.tif;Praegothica;
IRHT_P_002715.tif;Praegothica;
IRHT_P_002717.tif;Caroline;
IRHT_P_002720.tif;Caroline;
IRHT_P_002721.tif;Praegothica;
IRHT_P_002722.tif;Caroline;Praegothica
IRHT_P_002723.tif;Praegothica;
IRHT_P_002724.tif;Praegothica;
IRHT_P_002725.tif;Textualis;
IRHT_P_002727.tif;Praegothica;
IRHT_P_002728.tif;Praegothica;Textualis
IRHT_P_002729.tif;Caroline;
IRHT_P_002730.tif;Caroline;Uncial
IRHT_P_002731.tif;Caroline;
IRHT_P_002732.tif;Praegothica;
IRHT_P_002733.tif;Caroline;
IRHT_P_002734.tif;Caroline;
IRHT_P_002735.tif;Caroline;
IRHT_P_002736.tif;Caroline;
IRHT_P_002737.tif;Caroline;
IRHT_P_002739.tif;Cursiva;
IRHT_P_002740.tif;Caroline;
IRHT_P_002741.tif;Praegothica;
IRHT_P_002742.tif;Praegothica;Uncial
IRHT_P_002744.tif;Praegothica;
IRHT_P_002746.tif;Praegothica;
IRHT_P_002747.tif;Praegothica;
IRHT_P_002748.tif;Textualis;Praegothica
IRHT_P_002749.tif;Cursiva;Textualis
IRHT_P_002753.tif;Hybrida;
IRHT_P_002754.tif;Textualis;Semitextualis
IRHT_P_002755.tif;Semihybrida;Textualis
IRHT_P_002756.tif;Textualis;Cursiva
IRHT_P_002757.tif;Cursiva;Semihybrida
IRHT_P_002759.tif;Cursiva;
IRHT_P_002761.tif;Caroline;
IRHT_P_002762.tif;Praegothica;
IRHT_P_002763.tif;Praegothica;
IRHT_P_002764.tif;Praegothica;
IRHT_P_002765.tif;Southern_Textualis;
IRHT_P_002766.tif;Southern_Textualis;
IRHT_P_002769.tif;Textualis;Semitextualis
IRHT_P_002772.tif;Southern_Textualis;
IRHT_P_002773.tif;Cursiva;
IRHT_P_002774.tif;Cursiva;
IRHT_P_002775.tif;Semihybrida;Textualis
IRHT_P_002777.tif;Southern_Textualis;Semitextualis
IRHT_P_002778.tif;Textualis;
IRHT_P_002779.tif;Semitextualis;Southern_Textualis
IRHT_P_002783.tif;Cursiva;
IRHT_P_002784.tif;Semihybrida;Hybrida
IRHT_P_002786.tif;Cursiva;
IRHT_P_002787.tif;Cursiva;
IRHT_P_002788.tif;Cursiva;
IRHT_P_002791.tif;Cursiva;
IRHT_P_002792.tif;Semihybrida;
IRHT_P_002793.tif;Hybrida;Textualis
IRHT_P_002794.tif;Cursiva;Textualis
IRHT_P_002795.tif;Cursiva;
IRHT_P_002796.tif;Cursiva;Textualis
IRHT_P_002797.tif;Textualis;
IRHT_P_002798.tif;Cursiva;
IRHT_P_002799.tif;Cursiva;
IRHT_P_002800.tif;Praegothica;Textualis
IRHT_P_002804.tif;Caroline;Uncial
IRHT_P_002807.tif;Cursiva;
IRHT_P_002808.tif;Humanistic;
IRHT_P_002809.tif;Cursiva;Textualis
IRHT_P_002810.tif;Cursiva;
IRHT_P_002811.tif;Cursiva;
IRHT_P_002812.tif;Textualis;
IRHT_P_002813.tif;Cursiva;
IRHT_P_002815.tif;Cursiva;
IRHT_P_002816.tif;Cursiva;
IRHT_P_002817.tif;Cursiva;Textualis
IRHT_P_002820.tif;Cursiva;
IRHT_P_002821.tif;Cursiva;Textualis
IRHT_P_002824.tif;Praegothica;Uncial
IRHT_P_002825.tif;Praegothica;
IRHT_P_002826.tif;Textualis;
IRHT_P_002827.tif;Caroline;
IRHT_P_002828.tif;Textualis;
IRHT_P_002829.tif;Praegothica;
IRHT_P_002830.tif;Textualis;
IRHT_P_002831.tif;Textualis;
IRHT_P_002832.tif;Semitextualis;Textualis
IRHT_P_002833.tif;Cursiva;
IRHT_P_002836.tif;Caroline;Praegothica
IRHT_P_002837.tif;Caroline;Uncial
IRHT_P_002838.tif;Caroline;
IRHT_P_002839.tif;Caroline;
IRHT_P_002843.tif;Caroline;Praegothica
IRHT_P_002845.tif;Praegothica;
IRHT_P_002846.tif;Textualis;
IRHT_P_002849.tif;Cursiva;Textualis
IRHT_P_002850.tif;Cursiva;
IRHT_P_002851.tif;Hybrida;Humanistic_cursive
IRHT_P_002852.tif;Cursiva;
IRHT_P_002856.tif;Cursiva;
IRHT_P_002858.tif;Semihybrida;Textualis
IRHT_P_002864.tif;Humanistic_cursive;
IRHT_P_002867.tif;Humanistic_cursive;
IRHT_P_002868.tif;Humanistic_cursive;
IRHT_P_002869.tif;Humanistic_cursive;
IRHT_P_002870.tif;Humanistic_cursive;
IRHT_P_002871.tif;Hybrida;Humanistic_cursive
IRHT_P_002872.tif;Humanistic_cursive;
IRHT_P_002874.tif;Textualis;
IRHT_P_002875.tif;Textualis;
IRHT_P_002876.tif;Textualis;
IRHT_P_002878.tif;Textualis;Praegothica
IRHT_P_002879.tif;Textualis;Praegothica
IRHT_P_002880.tif;Textualis;Praegothica
IRHT_P_002890.tif;Hybrida;Textualis
IRHT_P_002891.tif;Praegothica;
IRHT_P_002905.tif;Semitextualis;Textualis
IRHT_P_002943.tif;Praegothica;Uncial
IRHT_P_002976.tif;Praegothica;Uncial
IRHT_P_002977.tif;Praegothica;Uncial
IRHT_P_002986.tif;Textualis;
IRHT_P_002987.tif;Textualis;
IRHT_P_002988.tif;Textualis;
IRHT_P_002990.tif;Hybrida;
IRHT_P_002993.tif;Caroline;Praegothica
IRHT_P_002995.tif;Caroline;Uncial
IRHT_P_003001.tif;Praegothica;
IRHT_P_003002.tif;Praegothica;Textualis
IRHT_P_003010.tif;Caroline;Uncial
IRHT_P_003038.tif;Cursiva;Hybrida
IRHT_P_003040.tif;Textualis;Praegothica
IRHT_P_003041.tif;Textualis;Praegothica
IRHT_P_003042.tif;Humanistic;Southern_Textualis
IRHT_P_003043.tif;Southern_Textualis;Semitextualis
IRHT_P_003048.tif;Semitextualis;Textualis
IRHT_P_003056.tif;Cursiva;
IRHT_P_003064.tif;Semitextualis;
IRHT_P_003072.tif;Cursiva;Hybrida
IRHT_P_003074.tif;Cursiva;Textualis
IRHT_P_003075.tif;Semihybrida;Textualis
IRHT_P_003083.tif;Cursiva;Hybrida
IRHT_P_003092.tif;Hybrida;Humanistic_cursive
IRHT_P_003097.tif;Caroline;
IRHT_P_003098.tif;Caroline;
IRHT_P_003099.tif;Caroline;
IRHT_P_003103.tif;Caroline;Uncial
IRHT_P_003106.tif;Caroline;Uncial
IRHT_P_003109.tif;Caroline;
IRHT_P_003110.tif;Caroline;
IRHT_P_003121.tif;Textualis;Semitextualis
IRHT_P_003123.tif;Southern_Textualis;Hybrida
IRHT_P_003130.tif;Cursiva;Hybrida
IRHT_P_003131.tif;Hybrida;Semihybrida
IRHT_P_003132.tif;Textualis;Hybrida
IRHT_P_003134.tif;Southern_Textualis;Humanistic
IRHT_P_003135.tif;Southern_Textualis;Humanistic
IRHT_P_003138.tif;Textualis;
IRHT_P_003140.tif;Semihybrida;Textualis
IRHT_P_003143.tif;Cursiva;Textualis
IRHT_P_003144.tif;Cursiva;Textualis
IRHT_P_003149.tif;Cursiva;Textualis
IRHT_P_003151.tif;Hybrida;Semihybrida
IRHT_P_003156.tif;Hybrida;Textualis
IRHT_P_003161.tif;Hybrida;Humanistic_cursive
IRHT_P_003182.tif;Praegothica;Uncial
IRHT_P_003184.tif;Praegothica;
IRHT_P_003186.tif;Praegothica;Uncial
IRHT_P_003192.tif;Praegothica;Textualis
IRHT_P_003193.tif;Praegothica;Textualis
IRHT_P_003206.tif;Praegothica;Uncial
IRHT_P_003228.tif;Semihybrida;Hybrida
IRHT_P_003233.tif;Semihybrida;
IRHT_P_003240.tif;Semihybrida;Textualis
IRHT_P_003250.tif;Semihybrida;Textualis
IRHT_P_003253.tif;Cursiva;Textualis
IRHT_P_003254.tif;Cursiva;Textualis
IRHT_P_003258.tif;Hybrida;Textualis
IRHT_P_003259.tif;Cursiva;Textualis
IRHT_P_003261.tif;Textualis;
IRHT_P_003265.tif;Semihybrida;Textualis
IRHT_P_003267.tif;Semihybrida;Textualis
IRHT_P_003268.tif;Hybrida;Textualis
IRHT_P_003269.tif;Semihybrida;Hybrida
IRHT_P_003271.tif;Hybrida;Semihybrida
IRHT_P_003272.tif;Hybrida;Textualis
IRHT_P_003274.tif;Semihybrida;Textualis
IRHT_P_003279.tif;Semihybrida;Textualis
IRHT_P_003284.tif;Cursiva;Textualis
IRHT_P_003291.tif;Cursiva;Textualis
IRHT_P_003300.tif;Cursiva;Textualis
IRHT_P_003303.tif;Caroline;Half_uncial
IRHT_P_003304.tif;Caroline;Half_uncial
IRHT_P_003305.tif;Caroline;Uncial
IRHT_P_003308.tif;Caroline;Cursiva
IRHT_P_003315.tif;Cursiva;Textualis
IRHT_P_003318.tif;Cursiva;Textualis
IRHT_P_003323.tif;Cursiva;Textualis
IRHT_P_003327.tif;Cursiva;Textualis
IRHT_P_003333.tif;Semihybrida;Textualis
IRHT_P_003334.tif;Cursiva;Textualis
IRHT_P_003335.tif;Cursiva;
IRHT_P_003336.tif;Semihybrida;Textualis
IRHT_P_003339.tif;Hybrida;Textualis
IRHT_P_003340.tif;Cursiva;Textualis
IRHT_P_003352.tif;Cursiva;
IRHT_P_003353.tif;Cursiva;Textualis
IRHT_P_003354.tif;Cursiva;Textualis
IRHT_P_003359.tif;Textualis;
IRHT_P_003361.tif;Hybrida;Humanistic_cursive
IRHT_P_003365.tif;Cursiva;Textualis
IRHT_P_003366.tif;Cursiva;Textualis
IRHT_P_003367.tif;Cursiva;Textualis
IRHT_P_003369.tif;Hybrida;Textualis
IRHT_P_003371.tif;Cursiva;Textualis
IRHT_P_003379.tif;Cursiva;Textualis
IRHT_P_003381.tif;Cursiva;Textualis
IRHT_P_003382.tif;Cursiva;Textualis
IRHT_P_003383.tif;Cursiva;Textualis
IRHT_P_003391.tif;Caroline;
IRHT_P_003392.tif;Caroline;Uncial
IRHT_P_003398.tif;Semihybrida;Textualis
IRHT_P_003407.tif;Hybrida;Humanistic_cursive
IRHT_P_003414.tif;Cursiva;Textualis
IRHT_P_003415.tif;Semihybrida;Cursiva
IRHT_P_003417.tif;Cursiva;Textualis
IRHT_P_003418.tif;Cursiva;Textualis
IRHT_P_003420.tif;Cursiva;Semihybrida
IRHT_P_003424.tif;Cursiva;Hybrida
IRHT_P_003431.tif;Hybrida;
IRHT_P_003432.tif;Hybrida;Textualis
IRHT_P_003438.tif;Cursiva;
IRHT_P_003440.tif;Cursiva;Textualis
IRHT_P_003443.tif;Cursiva;Semihybrida
IRHT_P_003447.tif;Textualis;
IRHT_P_003450.tif;Cursiva;Textualis
IRHT_P_003451.tif;Hybrida;Humanistic_cursive
IRHT_P_003454.tif;Semihybrida;Cursiva
IRHT_P_003459.tif;Cursiva;Textualis
IRHT_P_003464.tif;Hybrida;Cursiva
IRHT_P_003469.tif;Textualis;
IRHT_P_003472.tif;Semihybrida;
IRHT_P_003478.tif;Cursiva;Semihybrida
IRHT_P_003488.tif;Cursiva;Hybrida
IRHT_P_003492.tif;Cursiva;
IRHT_P_003498.tif;Cursiva;Hybrida
IRHT_P_003499.tif;Cursiva;Textualis
IRHT_P_003509.tif;Cursiva;Textualis
IRHT_P_003512.tif;Cursiva;
IRHT_P_003514.tif;Semihybrida;Cursiva
IRHT_P_003519.tif;Cursiva;Semihybrida
IRHT_P_003525.tif;Semitextualis;Humanistic
IRHT_P_003535.tif;Praegothica;
IRHT_P_003537.tif;Praegothica;
IRHT_P_003538.tif;Cursiva;
IRHT_P_003539.tif;Cursiva;Textualis
IRHT_P_003541.tif;Cursiva;Hybrida
IRHT_P_003548.tif;Cursiva;Textualis
IRHT_P_003550.tif;Semitextualis;Textualis
IRHT_P_003551.tif;Semitextualis;Textualis
IRHT_P_003558.tif;Southern_Textualis;
IRHT_P_003561.tif;Textualis;Hybrida
IRHT_P_003581.tif;Semitextualis;Textualis
IRHT_P_003584.tif;Textualis;Semitextualis
IRHT_P_003592.tif;Textualis;Southern_Textualis
IRHT_P_003594.tif;Textualis;
IRHT_P_003599.tif;Hybrida;Textualis
IRHT_P_003601.tif;Hybrida;Cursiva
IRHT_P_003607.tif;Cursiva;Textualis
IRHT_P_003608.tif;Cursiva;Textualis
IRHT_P_003609.tif;Cursiva;Textualis
IRHT_P_003610.tif;Cursiva;
IRHT_P_003614.tif;Cursiva;Textualis
IRHT_P_003615.tif;Cursiva;
IRHT_P_003616.tif;Cursiva;Textualis
IRHT_P_003619.tif;Cursiva;
IRHT_P_003620.tif;Cursiva;
IRHT_P_003625.tif;Hybrida;Textualis
IRHT_P_003631.tif;Semitextualis;Cursiva
IRHT_P_003632.tif;Semihybrida;Textualis
IRHT_P_003642.tif;Textualis;Hybrida
IRHT_P_003657.tif;Textualis;Hybrida
IRHT_P_003661.tif;Cursiva;
IRHT_P_003667.tif;Textualis;
IRHT_P_003668.tif;Cursiva;
IRHT_P_003670.tif;Humanistic;Southern_Textualis
IRHT_P_003671.tif;Humanistic;Southern_Textualis
IRHT_P_003679.tif;Semitextualis;Humanistic
IRHT_P_003685.tif;Textualis;
IRHT_P_003686.tif;Textualis;
IRHT_P_003692.tif;Cursiva;
IRHT_P_003707.tif;Hybrida;Textualis
IRHT_P_003708.tif;Hybrida;Textualis
IRHT_P_003709.tif;Hybrida;Textualis
IRHT_P_003720.tif;Caroline;
IRHT_P_003723.tif;Caroline;Half_uncial
IRHT_P_003724.tif;Caroline;Half_uncial
IRHT_P_003725.tif;Hybrida;Textualis
IRHT_P_003726.tif;Hybrida;
IRHT_P_003733.tif;Cursiva;Textualis
IRHT_P_003750.tif;Caroline;Uncial
IRHT_P_003755.tif;Cursiva;Textualis
IRHT_P_003761.tif;Praegothica;Textualis
IRHT_P_003762.tif;Praegothica;Textualis
IRHT_P_003766.tif;Hybrida;Textualis
IRHT_P_003771.tif;Cursiva;Hybrida
IRHT_P_003786.tif;Hybrida;Semihybrida
IRHT_P_003791.tif;Hybrida;Cursiva
IRHT_P_003794.tif;Semihybrida;Hybrida
IRHT_P_003800.tif;Cursiva;Textualis
IRHT_P_003804.tif;Cursiva;Hybrida
IRHT_P_003809.tif;Hybrida;Cursiva
IRHT_P_003810.tif;Semitextualis;Humanistic_cursive
IRHT_P_003811.tif;Semitextualis;Humanistic
IRHT_P_003812.tif;Caroline;Uncial
IRHT_P_003813.tif;Caroline;Uncial
IRHT_P_003816.tif;Hybrida;Humanistic
IRHT_P_003823.tif;Textualis;Humanistic
IRHT_P_003824.tif;Cursiva;Textualis
IRHT_P_003834.tif;Praegothica;Uncial
IRHT_P_003836.tif;Praegothica;Uncial
IRHT_P_003840.tif;Praegothica;
IRHT_P_003842.tif;Textualis;Hybrida
IRHT_P_003845.tif;Hybrida;Textualis
IRHT_P_003848.tif;Praegothica;
IRHT_P_003853.tif;Praegothica;Southern_Textualis
IRHT_P_003859.tif;Caroline;
IRHT_P_003860.tif;Caroline;
IRHT_P_003861.tif;Semitextualis;Textualis
IRHT_P_003892.tif;Semitextualis;Textualis
IRHT_P_003893.tif;Semitextualis;Textualis
IRHT_P_003900.tif;Semihybrida;
IRHT_P_003902.tif;Semitextualis;
IRHT_P_003904.tif;Semitextualis;Textualis
IRHT_P_003905.tif;Semitextualis;Textualis
IRHT_P_003932.tif;Praegothica;Textualis
IRHT_P_003939.tif;Praegothica;Uncial
IRHT_P_003941.tif;Cursiva;Textualis
IRHT_P_003951.tif;Semihybrida;Textualis
IRHT_P_003956.tif;Textualis;Semitextualis
IRHT_P_003960.tif;Textualis;Hybrida
IRHT_P_003964.tif;Praegothica;Uncial
IRHT_P_003966.tif;Praegothica;
IRHT_P_003967.tif;Praegothica;
IRHT_P_003986.tif;Praegothica;Uncial
IRHT_P_003995.tif;Praegothica;
IRHT_P_003999.tif;Praegothica;
IRHT_P_004000.tif;Praegothica;
IRHT_P_004015.tif;Cursiva;Textualis
IRHT_P_004017.tif;Praegothica;Uncial
IRHT_P_004020.tif;Praegothica;Textualis
IRHT_P_004021.tif;Praegothica;Praegothica
IRHT_P_004026.tif;Hybrida;Semihybrida
IRHT_P_004034.tif;Hybrida;Textualis
IRHT_P_004043.tif;Cursiva;Semihybrida
IRHT_P_004045.tif;Hybrida;
IRHT_P_004046.tif;Hybrida;
IRHT_P_004047.tif;Hybrida;Semihybrida
IRHT_P_004094.tif;Caroline;
IRHT_P_004095.tif;Caroline;Half_uncial
IRHT_P_004096.tif;Caroline;
IRHT_P_004097.tif;Caroline;Uncial
IRHT_P_004099.tif;Caroline;Uncial
IRHT_P_004100.tif;Caroline;Uncial
IRHT_P_004105.tif;Praegothica;Uncial
IRHT_P_004119.tif;Praegothica;Uncial
IRHT_P_004122.tif;Semihybrida;Textualis
IRHT_P_004123.tif;Cursiva;Semihybrida
IRHT_P_004143.tif;Hybrida;Semihybrida
IRHT_P_004150.tif;Cursiva;Semihybrida
IRHT_P_004151.tif;Cursiva;
IRHT_P_004152.tif;Semihybrida;Hybrida
IRHT_P_004156.tif;Hybrida;
IRHT_P_004164.tif;Semitextualis;Textualis
IRHT_P_004172.tif;Cursiva;Textualis
IRHT_P_004179.tif;Cursiva;Semihybrida
IRHT_P_004181.tif;Hybrida;Humanistic_cursive
IRHT_P_004189.tif;Cursiva;Semihybrida
IRHT_P_004191.tif;Semihybrida;Hybrida
IRHT_P_004195.tif;Cursiva;Hybrida
IRHT_P_004196.tif;Semihybrida;
IRHT_P_004200.tif;Praegothica;Textualis
IRHT_P_004201.tif;Praegothica;Textualis
IRHT_P_004202.tif;Praegothica;Textualis
IRHT_P_004207.tif;Caroline;
IRHT_P_004208.tif;Caroline;
IRHT_P_004214.tif;Semihybrida;Textualis
IRHT_P_004215.tif;Cursiva;Semihybrida
IRHT_P_004222.tif;Semihybrida;Textualis
IRHT_P_004225.tif;Praegothica;Textualis
IRHT_P_004226.tif;Praegothica;Textualis
IRHT_P_004237.tif;Textualis;Cursiva
IRHT_P_004240.tif;Textualis;Semihybrida
IRHT_P_004246.tif;Praegothica;Textualis
IRHT_P_004247.tif;Textualis;Praegothica
IRHT_P_004248.tif;Humanistic_cursive;
IRHT_P_004250.tif;Praegothica;Textualis
IRHT_P_004251.tif;Textualis;
IRHT_P_004260.tif;Textualis;Cursiva
IRHT_P_004265.tif;Semitextualis;Humanistic
IRHT_P_004266.tif;Cursiva;Textualis
IRHT_P_004268.tif;Semitextualis;Textualis
IRHT_P_004271.tif;Textualis;Cursiva
IRHT_P_004277.tif;Cursiva;Textualis
IRHT_P_004280.tif;Semihybrida;Hybrida
IRHT_P_004281.tif;Hybrida;
IRHT_P_004282.tif;Hybrida;Textualis
IRHT_P_004286.tif;Praegothica;Textualis
IRHT_P_004287.tif;Praegothica;Textualis
IRHT_P_004298.tif;Caroline;
IRHT_P_004307.tif;Semihybrida;Textualis
IRHT_P_004313.tif;Half_uncial;Caroline
IRHT_P_004314.tif;Half_uncial;Caroline
IRHT_P_004315.tif;Caroline;
IRHT_P_004316.tif;Caroline;Uncial
IRHT_P_004340.tif;Praegothica;Uncial
IRHT_P_004353.tif;Caroline;Half_uncial
IRHT_P_004363.tif;Praegothica;Uncial
IRHT_P_004385.tif;Praegothica;Uncial
IRHT_P_004396.tif;Praegothica;Uncial
IRHT_P_004399.tif;Praegothica;
IRHT_P_004425.tif;Textualis;Hybrida
IRHT_P_004429.tif;Textualis;Semihybrida
IRHT_P_004430.tif;Semitextualis;Hybrida
IRHT_P_004469.tif;Praegothica;Uncial
IRHT_P_004479.tif;Cursiva;Semihybrida
IRHT_P_004504.tif;Hybrida;Textualis
IRHT_P_004515.tif;Caroline;Uncial
IRHT_P_004528.tif;Praegothica;Uncial
IRHT_P_004533.tif;Caroline;Uncial
IRHT_P_004554.tif;Praegothica;
IRHT_P_004566.tif;Praegothica;Textualis
IRHT_P_004570.tif;Caroline;Praegothica
IRHT_P_004571.tif;Caroline;Praegothica
IRHT_P_004572.tif;Caroline;Praegothica
IRHT_P_004576.tif;Caroline;Praegothica
IRHT_P_004577.tif;Caroline;Praegothica
IRHT_P_004578.tif;Textualis;Southern_Textualis
IRHT_P_004591.tif;Caroline;Praegothica
IRHT_P_004592.tif;Caroline;Praegothica
IRHT_P_004593.tif;Praegothica;Caroline
IRHT_P_004594.tif;Textualis;Semitextualis
IRHT_P_004596.tif;Textualis;Semitextualis
IRHT_P_004597.tif;Textualis;Hybrida
IRHT_P_004603.tif;Praegothica;
IRHT_P_004605.tif;Textualis;Semihybrida
IRHT_P_004611.tif;Praegothica;
IRHT_P_004612.tif;Hybrida;Textualis
IRHT_P_004617.tif;Semitextualis;Hybrida
IRHT_P_004627.tif;Semitextualis;Textualis
IRHT_P_004632.tif;Praegothica;
IRHT_P_004635.tif;Caroline;Uncial
IRHT_P_004636.tif;Caroline;Uncial
IRHT_P_004652.tif;Praegothica;
IRHT_P_004659.tif;Praegothica;Textualis
IRHT_P_004660.tif;Caroline;Uncial
IRHT_P_004664.tif;Caroline;Uncial
IRHT_P_004671.tif;Caroline;
IRHT_P_004673.tif;Caroline;Praegothica
IRHT_P_004678.tif;Caroline;Uncial
IRHT_P_004683.tif;Uncial;Caroline
IRHT_P_004684.tif;Caroline;Uncial
IRHT_P_004686.tif;Caroline;Praegothica
IRHT_P_004687.tif;Praegothica;Hybrida
IRHT_P_004688.tif;Praegothica;
IRHT_P_004689.tif;Praegothica;
IRHT_P_004692.tif;Caroline;Praegothica
IRHT_P_004693.tif;Caroline;
IRHT_P_004694.tif;Praegothica;Uncial
IRHT_P_004700.tif;Praegothica;Uncial
IRHT_P_004701.tif;Hybrida;Humanistic_cursive
IRHT_P_004735.tif;Hybrida;Cursiva
IRHT_P_004736.tif;Hybrida;Humanistic_cursive
IRHT_P_004737.tif;Hybrida;Humanistic_cursive
IRHT_P_004739.tif;Hybrida;Humanistic_cursive
IRHT_P_004771.tif;Textualis;Hybrida
IRHT_P_004774.tif;Textualis;Hybrida
IRHT_P_004810.tif;Caroline;
IRHT_P_004817.tif;Southern_Textualis;Textualis
IRHT_P_004851.tif;Hybrida;Humanistic_cursive
IRHT_P_004853.tif;Hybrida;Humanistic_cursive
IRHT_P_004882.tif;Hybrida;Humanistic
IRHT_P_004897.tif;Hybrida;Humanistic_cursive
IRHT_P_004898.tif;Hybrida;Humanistic_cursive
IRHT_P_004915.tif;Southern_Textualis;Cursiva
IRHT_P_004925.tif;Semitextualis;Textualis
IRHT_P_004926.tif;Semitextualis;Textualis
IRHT_P_004928.tif;Semitextualis;Textualis
IRHT_P_004933.tif;Textualis;Praegothica
IRHT_P_004935.tif;Textualis;Semitextualis
IRHT_P_004938.tif;Semitextualis;Textualis
IRHT_P_004939.tif;Textualis;Southern_Textualis
IRHT_P_004962.tif;Half_uncial;Caroline
IRHT_P_004966.tif;Half_uncial;Caroline
IRHT_P_004969.tif;Half_uncial;Caroline
IRHT_P_004972.tif;Half_uncial;Caroline
IRHT_P_004977.tif;Half_uncial;
IRHT_P_004979.tif;Half_uncial;
IRHT_P_004982.tif;Half_uncial;Caroline
IRHT_P_004984.tif;Caroline;Half_uncial
IRHT_P_004995.tif;Semitextualis;Humanistic
IRHT_P_004998.tif;Humanistic;Textualis
IRHT_P_005015.tif;Praegothica;Textualis
IRHT_P_005020.tif;Praegothica;
IRHT_P_005022.tif;Caroline;Praegothica
IRHT_P_005024.tif;Caroline;Praegothica
IRHT_P_005029.tif;Praegothica;Textualis
IRHT_P_005037.tif;Hybrida;Textualis
IRHT_P_005041.tif;Cursiva;Textualis
IRHT_P_005047.tif;Cursiva;Textualis
IRHT_P_005048.tif;Cursiva;Textualis
IRHT_P_005051.tif;Textualis;Praegothica
IRHT_P_005060.tif;Textualis;Praegothica
IRHT_P_005068.tif;Caroline;Uncial
IRHT_P_005071.tif;Caroline;
IRHT_P_005072.tif;Caroline;
IRHT_P_005075.tif;Caroline;Half_uncial
IRHT_P_005077.tif;Caroline;
IRHT_P_005081.tif;Caroline;
IRHT_P_005088.tif;Caroline;Praegothica
IRHT_P_005092.tif;Caroline;
IRHT_P_005094.tif;Caroline;Praegothica
IRHT_P_005095.tif;Caroline;Praegothica
IRHT_P_005098.tif;Caroline;Praegothica
IRHT_P_005127.tif;Textualis;
IRHT_P_005157.tif;Semitextualis;Textualis
IRHT_P_005172.tif;Semitextualis;Textualis
IRHT_P_005175.tif;Semitextualis;Textualis
IRHT_P_005178.tif;Semitextualis;Textualis
IRHT_P_005181.tif;Textualis;Semitextualis
IRHT_P_005187.tif;Caroline;
IRHT_P_005189.tif;Praegothica;Caroline
IRHT_P_005191.tif;Caroline;Praegothica
IRHT_P_005193.tif;Semitextualis;Hybrida
IRHT_P_005214.tif;Praegothica;Textualis
IRHT_P_005219.tif;Praegothica;
IRHT_P_005224.tif;Caroline;Uncial
IRHT_P_005227.tif;Praegothica;Textualis
IRHT_P_005228.tif;Textualis;Praegothica
IRHT_P_005230.tif;Praegothica;Textualis
IRHT_P_005237.tif;Caroline;Uncial
IRHT_P_005238.tif;Caroline;Uncial
IRHT_P_005243.tif;Hybrida;Textualis
IRHT_P_005248.tif;Cursiva;Textualis
IRHT_P_005251.tif;Cursiva;Textualis
IRHT_P_005252.tif;Cursiva;Hybrida
IRHT_P_005260.tif;Semihybrida;
IRHT_P_005261.tif;Hybrida;Humanistic_cursive
IRHT_P_005262.tif;Cursiva;Textualis
IRHT_P_005272.tif;Caroline;Uncial
IRHT_P_005291.tif;Cursiva;Textualis
IRHT_P_005360.tif;Uncial;Caroline
IRHT_P_005447.tif;Hybrida;Humanistic_cursive
IRHT_P_005448.tif;Hybrida;Humanistic_cursive
IRHT_P_005449.tif;Humanistic_cursive;Semitextualis
IRHT_P_005463.tif;Hybrida;Humanistic_cursive
IRHT_P_005679.tif;Semihybrida;Textualis
IRHT_P_005686.tif;Hybrida;Semihybrida
IRHT_P_005703.tif;Semitextualis;Textualis
IRHT_P_005705.tif;Semitextualis;Textualis
IRHT_P_005914.tif;Half_uncial;Uncial
IRHT_P_005935.tif;Hybrida;Textualis
IRHT_p_006130.tif;Cursiva;Textualis
IRHT_p_006131.tif;Cursiva;Textualis
IRHT_P_006145.tif;Semihybrida;Textualis
IRHT_P_006163.tif;Semitextualis;Textualis
IRHT_P_006262.tif;Hybrida;Semihybrida
IRHT_P_006330.tif;Semitextualis;Textualis
IRHT_P_006549.tif;Praegothica;
IRHT_P_006550.tif;Praegothica;
IRHT_P_006551.tif;Praegothica;
IRHT_P_006814.tif;Semihybrida;Hybrida
IRHT_P_006821.tif;Hybrida;Textualis
IRHT_P_006844.tif;Hybrida;
IRHT_P_006857.tif;Hybrida;Semitextualis
IRHT_P_006866.tif;Semihybrida;
IRHT_P_006882.tif;Hybrida;Textualis
IRHT_P_007050.tif;Semitextualis;Hybrida
IRHT_P_007051.tif;Semitextualis;Hybrida
IRHT_P_007095.tif;Semihybrida;Hybrida
IRHT_P_007104.tif;Semitextualis;Cursiva
IRHT_P_007134.tif;Semihybrida;Textualis
IRHT_P_007135.tif;Semihybrida;Textualis
IRHT_P_007136.tif;Semihybrida;Textualis
IRHT_P_007197.tif;Semitextualis;Textualis
IRHT_P_007225.tif;Semitextualis;Humanistic_cursive
IRHT_P_007237.tif;Southern_Textualis;Cursiva
IRHT_P_007303.tif;Semitextualis;Textualis
IRHT_P_007351.tif;Hybrida;Humanistic_cursive
IRHT_P_007366.tif;Hybrida;Humanistic_cursive
IRHT_P_007491.tif;Semitextualis;Cursiva
IRHT_P_007499.tif;Semitextualis;Semihybrida
IRHT_P_007648.tif;Semihybrida;Textualis
IRHT_P_008003.tif;Humanistic_cursive;Humanistic
IRHT_P_008252.tif;Textualis;Humanistic
IRHT_P_008616.tif;Humanistic_cursive;Textualis
IRHT_P_008904.tif;Semihybrida;Textualis
IRHT_P_008942.tif;Semihybrida;Textualis
IRHT_P_008979.tif;Southern_Textualis;Humanistic
IRHT_P_009261.tif;Hybrida;Textualis
IRHT_P_009263.tif;Hybrida;Textualis
IRHT_P_009264.tif;Hybrida;Textualis
IRHT_P_009380.tif;Hybrida;Cursiva
IRHT_P_009620.tif;Semihybrida;Textualis
IRHT_P_009621.tif;Hybrida;
IRHT_P_009622.tif;Cursiva;
IRHT_P_009623.tif;Textualis;
IRHT_P_009624.tif;Semihybrida;
IRHT_P_009627.tif;Cursiva;
IRHT_P_009629.tif;Hybrida;Humanistic_cursive
IRHT_P_009631.tif;Hybrida;
IRHT_P_009632.tif;Hybrida;Textualis
IRHT_P_009633.tif;Humanistic;
IRHT_P_009634.tif;Cursiva;
IRHT_P_009635.tif;Textualis;
IRHT_P_009636.tif;Textualis;
IRHT_P_009637.tif;Cursiva;
IRHT_P_009638.tif;Textualis;
IRHT_P_009639.tif;Cursiva;
IRHT_P_009640.tif;Cursiva;
IRHT_P_009641.tif;Cursiva;
IRHT_P_009642.tif;Cursiva;
IRHT_P_009643.tif;Cursiva;
IRHT_P_009644.tif;Cursiva;
IRHT_P_009645.tif;Cursiva;
IRHT_P_009646.tif;Hybrida;
IRHT_P_009649.tif;Cursiva;
IRHT_P_009650.tif;Semihybrida;
IRHT_P_009651.tif;Hybrida;Semihybrida
IRHT_P_009652.tif;Cursiva;Textualis
IRHT_P_009653.tif;Cursiva;
IRHT_P_009654.tif;Semihybrida;
IRHT_P_009655.tif;Cursiva;
IRHT_P_009656.tif;Cursiva;
IRHT_P_009657.tif;Cursiva;
IRHT_P_009658.tif;Cursiva;
IRHT_P_009659.tif;Cursiva;
IRHT_P_009660.tif;Cursiva;Semihybrida
IRHT_P_009661.tif;Textualis;Semitextualis
IRHT_P_009662.tif;Textualis;
IRHT_P_009663.tif;Textualis;
IRHT_P_009664.tif;Textualis;
IRHT_P_009665.tif;Semihybrida;
IRHT_P_009666.tif;Cursiva;Humanistic
IRHT_P_009667.tif;Cursiva;
IRHT_P_009668.tif;Cursiva;
IRHT_P_009669.tif;Cursiva;
IRHT_P_009670.tif;Semihybrida;
IRHT_P_009672.tif;Textualis;
IRHT_P_009673.tif;Textualis;
IRHT_P_009674.tif;Cursiva;
IRHT_P_009675.tif;Cursiva;Textualis
IRHT_P_009676.tif;Textualis;
IRHT_P_009677.tif;Textualis;
IRHT_P_009678.tif;Cursiva;
IRHT_P_009679.tif;Semihybrida;
IRHT_P_009680.tif;Cursiva;
IRHT_P_009681.tif;Cursiva;
IRHT_P_009682.tif;Hybrida;Textualis
IRHT_P_009685.tif;Textualis;
IRHT_P_009686.tif;Textualis;Semitextualis
IRHT_P_009689.tif;Textualis;Semitextualis
IRHT_P_009690.tif;Textualis;
IRHT_P_009694.tif;Hybrida;
IRHT_P_009695.tif;Cursiva;
IRHT_P_009696.tif;Cursiva;
IRHT_P_009697.tif;Semitextualis;Textualis
IRHT_P_009698.tif;Semitextualis;Textualis
IRHT_P_009700.tif;Hybrida;
IRHT_P_009701.tif;Semihybrida;Cursiva
IRHT_P_009704.tif;Cursiva;
IRHT_P_009705.tif;Textualis;
IRHT_P_009706.tif;Textualis;
IRHT_P_009707.tif;Cursiva;
IRHT_P_009708.tif;Cursiva;
IRHT_P_009709.tif;Semihybrida;
IRHT_P_009710.tif;Cursiva;
IRHT_P_009711.tif;Cursiva;
IRHT_P_009712.tif;Cursiva;
IRHT_P_009713.tif;Hybrida;
IRHT_P_009714.tif;Hybrida;
IRHT_P_009716.tif;Cursiva;
IRHT_P_009717.tif;Cursiva;
IRHT_P_009723.tif;Semihybrida;
IRHT_P_009730.tif;Semihybrida;
IRHT_P_009734.tif;Cursiva;
IRHT_P_009735.tif;Cursiva;Textualis
IRHT_P_009736.tif;Semihybrida;
IRHT_P_009738.tif;Cursiva;
IRHT_P_009740.tif;Hybrida;
IRHT_P_009741.tif;Semihybrida;
IRHT_P_009742.tif;Semihybrida;
IRHT_P_009743.tif;Textualis;
IRHT_P_009744.tif;Textualis;
IRHT_P_009760.tif;Hybrida;Humanistic_cursive
IRHT_P_009761.tif;Cursiva;Textualis
IRHT_P_009764.tif;Semitextualis;Southern_Textualis
IRHT_P_009771.tif;Humanistic;Textualis
IRHT_P_009778.tif;Humanistic;
IRHT_P_009786.tif;Textualis;Humanistic
IRHT_P_009790.tif;Humanistic;Humanistic_cursive
IRHT_P_009793.tif;Humanistic_cursive;
IRHT_P_009794.tif;Textualis;Humanistic
IRHT_P_009795.tif;Textualis;Humanistic
IRHT_P_009803.tif;Semitextualis;
